StudyHours,Attendance,Discussions,Motivation,AssignmentCompletion,ExamScore,FinalGrade
19,64,1,0,59,40,3
19,64,0,0,90,66,2
19,64,0,0,67,99,0
19,64,1,1,59,40,3
19,64,0,1,90,66,2
19,64,0,1,67,99,0
24,98,0,1,65,46,3
24,98,1,1,71,83,1
24,98,1,1,61,95,0
24,98,0,2,65,46,3
24,98,1,2,71,83,1
24,98,1,2,61,95,0
24,98,0,0,65,46,3
24,98,1,0,71,83,1
24,98,1,0,61,95,0
29,89,1,1,75,54,3
29,89,1,1,59,42,3
29,89,0,1,96,62,2
29,89,1,0,75,54,3
29,89,1,0,59,42,3
29,89,0,0,96,62,2
19,92,1,1,63,40,3
19,92,0,1,86,94,0
19,92,1,2,63,40,3
19,92,0,2,86,94,0
29,84,1,0,57,48,3
29,84,0,0,74,60,2
29,84,1,1,57,48,3
29,84,0,1,74,60,2
25,78,0,1,91,58,2
17,94,1,2,74,92,0
17,94,1,0,74,92,0
17,94,1,1,74,92,0
23,98,0,1,65,58,2
23,98,1,1,100,93,0
23,98,0,0,65,58,2
23,98,1,0,100,93,0
17,80,1,1,68,73,1
17,80,1,1,64,69,2
17,80,1,1,68,87,0
17,80,0,1,64,88,0
17,80,1,1,73,78,1
17,97,0,0,64,87,0
17,97,1,0,70,82,1
17,97,0,1,64,87,0
17,97,1,1,70,82,1
17,97,0,2,64,87,0
17,97,1,2,70,82,1
21,83,0,0,66,86,0
21,83,1,0,77,96,0
21,83,0,2,66,86,0
21,83,1,2,77,96,0
21,83,0,1,66,86,0
21,83,1,1,77,96,0
9,82,0,1,55,40,3
9,82,0,1,73,46,3
10,78,0,1,71,68,2
10,78,0,1,85,78,1
17,68,1,1,75,42,3
17,68,1,1,87,64,2
17,68,1,1,88,49,3
17,68,1,2,75,42,3
17,68,1,2,87,64,2
17,68,1,2,88,49,3
22,70,1,1,74,40,3
22,70,1,0,74,40,3
22,70,1,2,74,40,3
15,80,0,0,50,56,2
15,80,1,0,87,89,0
15,80,1,0,56,75,1
15,80,0,1,50,56,2
15,80,1,1,87,89,0
15,80,1,1,56,75,1
15,80,0,2,50,56,2
15,80,1,2,87,89,0
15,80,1,2,56,75,1
12,75,1,1,66,71,1
12,75,1,1,55,48,3
29,78,1,2,67,91,0
29,78,1,1,67,91,0
19,99,1,1,91,56,2
19,99,1,0,91,56,2
19,99,1,2,91,56,2
20,74,1,0,93,97,0
20,74,1,0,68,67,2
20,74,0,0,80,65,2
20,74,1,1,93,97,0
20,74,1,1,68,67,2
20,74,0,1,80,65,2
20,74,1,2,93,97,0
20,74,1,2,68,67,2
20,74,0,2,80,65,2
11,78,1,2,59,77,1
11,78,0,2,69,77,1
11,78,0,2,62,90,0
11,78,1,2,80,98,0
11,78,1,2,96,83,1
11,78,1,1,59,77,1
11,78,0,1,69,77,1
11,78,0,1,62,90,0
11,78,1,1,80,98,0
11,78,1,1,96,83,1
17,65,0,1,88,72,1
17,65,0,1,79,58,2
21,62,1,2,65,46,3
21,62,1,1,65,46,3
13,91,1,1,64,63,2
13,91,0,1,73,77,1
13,91,1,1,98,100,0
13,91,1,1,66,90,0
13,91,1,1,85,46,3
13,91,0,1,89,61,2
22,83,0,1,96,75,1
22,83,0,2,96,75,1
16,90,1,1,90,52,3
16,90,1,2,90,52,3
18,66,0,0,50,73,1
18,66,0,0,57,60,2
18,66,0,1,50,73,1
18,66,0,1,57,60,2
18,66,0,2,50,73,1
18,66,0,2,57,60,2
16,83,1,1,52,66,2
16,83,0,1,96,56,2
16,83,1,0,52,66,2
16,83,0,0,96,56,2
16,83,1,2,52,66,2
16,83,0,2,96,56,2
31,70,0,1,52,71,1
20,69,1,1,87,79,1
20,69,0,1,82,97,0
20,69,1,0,87,79,1
20,69,0,0,82,97,0
20,69,1,2,87,79,1
20,69,0,2,82,97,0
14,60,0,1,88,52,3
14,60,0,0,88,52,3
25,65,1,1,62,51,3
25,65,1,1,100,55,2
25,65,1,2,62,51,3
25,65,1,2,100,55,2
25,65,1,0,62,51,3
25,65,1,0,100,55,2
21,65,1,0,54,54,3
21,65,1,0,96,78,1
8,99,1,0,99,97,0
8,99,1,0,89,54,3
8,99,1,0,59,91,0
8,99,1,1,99,97,0
8,99,1,1,89,54,3
8,99,1,1,59,91,0
12,72,1,1,58,100,0
12,72,1,1,51,42,3
12,72,0,1,61,73,1
12,72,1,2,58,100,0
12,72,1,2,51,42,3
12,72,0,2,61,73,1
12,72,1,0,58,100,0
12,72,1,0,51,42,3
12,72,0,0,61,73,1
21,65,0,0,93,95,0
21,65,0,2,93,95,0
21,65,0,1,93,95,0
24,68,1,0,78,61,2
24,68,1,1,78,61,2
24,68,1,2,78,61,2
21,84,0,0,79,56,2
21,84,0,1,79,56,2
18,94,1,1,83,93,0
18,94,1,1,55,51,3
18,94,1,2,83,93,0
18,94,1,2,55,51,3
18,94,1,0,83,93,0
18,94,1,0,55,51,3
11,98,0,0,77,81,1
11,98,1,0,94,52,3
11,98,0,0,58,87,0
11,98,0,2,77,81,1
11,98,1,2,94,52,3
11,98,0,2,58,87,0
16,70,1,1,94,84,1
16,70,0,1,89,83,1
16,70,1,1,53,86,0
16,70,1,2,94,84,1
16,70,0,2,89,83,1
16,70,1,2,53,86,0
17,78,1,1,84,59,2
17,78,0,1,90,85,0
17,78,1,1,58,85,0
17,78,1,0,84,59,2
17,78,0,0,90,85,0
17,78,1,0,58,85,0
26,61,0,1,69,99,0
26,61,0,2,69,99,0
22,86,0,0,60,47,3
22,86,1,0,73,55,2
22,86,0,0,100,87,0
22,86,1,0,86,96,0
22,86,0,1,60,47,3
22,86,1,1,73,55,2
22,86,0,1,100,87,0
22,86,1,1,86,96,0
22,86,0,2,60,47,3
22,86,1,2,73,55,2
22,86,0,2,100,87,0
22,86,1,2,86,96,0
9,77,1,1,63,76,1
9,77,1,1,61,65,2
9,77,0,1,51,66,2
9,77,1,0,63,76,1
9,77,1,0,61,65,2
9,77,0,0,51,66,2
22,71,0,0,71,52,3
22,71,0,2,71,52,3
22,71,0,1,71,52,3
18,68,0,1,93,92,0
18,68,0,1,55,98,0
18,68,0,0,93,92,0
18,68,0,0,55,98,0
18,68,0,2,93,92,0
18,68,0,2,55,98,0
16,86,1,1,92,94,0
16,86,1,1,100,98,0
16,86,0,1,60,92,0
16,86,1,0,92,94,0
16,86,1,0,100,98,0
16,86,0,0,60,92,0
16,86,1,2,92,94,0
16,86,1,2,100,98,0
16,86,0,2,60,92,0
24,77,1,1,99,66,2
24,77,0,1,82,51,3
24,77,0,1,76,62,2
24,77,1,1,71,62,2
24,77,1,2,99,66,2
24,77,0,2,82,51,3
24,77,0,2,76,62,2
24,77,1,2,71,62,2
26,67,1,0,91,82,1
26,67,0,0,75,43,3
26,67,1,0,100,63,2
26,67,1,1,91,82,1
26,67,0,1,75,43,3
26,67,1,1,100,63,2
26,88,1,1,98,62,2
26,88,0,1,55,50,3
26,88,1,1,54,54,3
26,88,1,0,98,62,2
26,88,0,0,55,50,3
26,88,1,0,54,54,3
15,83,0,0,50,93,0
15,83,1,0,69,64,2
15,83,0,1,50,93,0
15,83,1,1,69,64,2
22,65,1,1,79,42,3
22,65,1,0,79,42,3
22,65,1,2,79,42,3
26,91,1,1,95,69,2
26,91,0,1,54,88,0
26,91,1,1,80,89,0
26,91,1,0,95,69,2
26,91,0,0,54,88,0
26,91,1,0,80,89,0
17,87,0,1,66,45,3
17,87,0,1,86,90,0
17,87,0,2,66,45,3
17,87,0,2,86,90,0
17,87,0,0,66,45,3
17,87,0,0,86,90,0
19,65,1,0,60,46,3
19,65,1,1,60,46,3
13,88,1,2,84,88,0
13,88,1,2,79,47,3
13,88,1,1,84,88,0
13,88,1,1,79,47,3
13,78,1,2,96,50,3
13,78,0,2,62,42,3
13,78,1,2,63,54,3
13,78,1,2,100,71,1
13,78,1,1,96,50,3
13,78,0,1,62,42,3
13,78,1,1,63,54,3
13,78,1,1,100,71,1
13,78,1,0,96,50,3
13,78,0,0,62,42,3
13,78,1,0,63,54,3
13,78,1,0,100,71,1
28,66,0,1,79,97,0
28,66,1,1,63,91,0
28,66,0,1,85,41,3
28,66,0,0,79,97,0
28,66,1,0,63,91,0
28,66,0,0,85,41,3
20,86,1,1,89,53,3
20,86,1,2,89,53,3
20,86,1,0,89,53,3
26,75,1,2,66,86,0
26,75,1,0,66,86,0
26,75,1,1,66,86,0
22,98,0,0,52,75,1
22,98,1,0,58,66,2
22,98,0,1,52,75,1
22,98,1,1,58,66,2
22,98,0,2,52,75,1
22,98,1,2,58,66,2
16,73,1,1,68,69,2
16,73,1,0,68,69,2
29,96,1,1,90,59,2
29,96,1,1,72,90,0
29,96,1,1,50,84,1
29,96,1,0,90,59,2
29,96,1,0,72,90,0
29,96,1,0,50,84,1
29,96,1,2,90,59,2
29,96,1,2,72,90,0
29,96,1,2,50,84,1
20,71,0,1,68,81,1
20,71,0,2,68,81,1
29,92,1,1,96,60,2
29,92,1,1,72,89,0
29,92,1,0,96,60,2
29,92,1,0,72,89,0
25,70,1,1,65,75,1
25,70,1,1,75,78,1
25,70,1,0,65,75,1
25,70,1,0,75,78,1
21,77,1,1,73,47,3
21,77,1,1,97,50,3
21,77,1,0,73,47,3
21,77,1,0,97,50,3
21,77,1,2,73,47,3
21,77,1,2,97,50,3
18,81,1,1,65,87,0
18,81,0,1,95,77,1
18,81,1,2,65,87,0
18,81,0,2,95,77,1
18,81,1,0,65,87,0
18,81,0,0,95,77,1
8,61,1,1,70,73,1
8,61,0,1,92,84,1
19,69,0,2,71,96,0
19,69,0,2,68,84,1
19,69,0,1,71,96,0
19,69,0,1,68,84,1
19,69,0,0,71,96,0
19,69,0,0,68,84,1
29,78,0,0,65,71,1
29,78,0,1,65,71,1
29,78,0,2,65,71,1
17,67,0,2,52,69,2
17,67,1,2,78,70,1
17,67,0,1,52,69,2
17,67,1,1,78,70,1
15,95,0,1,64,64,2
15,95,1,1,79,41,3
15,95,1,1,80,53,3
15,95,0,0,64,64,2
15,95,1,0,79,41,3
15,95,1,0,80,53,3
17,88,0,0,95,66,2
17,88,1,0,64,79,1
17,88,1,0,69,46,3
17,88,1,0,53,61,2
17,88,0,1,95,66,2
17,88,1,1,64,79,1
17,88,1,1,69,46,3
17,88,1,1,53,61,2
25,63,0,1,82,82,1
25,63,1,1,79,55,2
25,63,1,1,55,45,3
25,63,0,2,82,82,1
25,63,1,2,79,55,2
25,63,1,2,55,45,3
17,86,0,2,92,97,0
17,86,0,2,54,95,0
17,86,1,2,88,73,1
17,86,0,0,92,97,0
17,86,0,0,54,95,0
17,86,1,0,88,73,1
17,86,0,1,92,97,0
17,86,0,1,54,95,0
17,86,1,1,88,73,1
23,98,0,0,76,89,0
23,98,0,0,99,84,1
23,98,1,0,59,46,3
23,98,0,2,76,89,0
23,98,0,2,99,84,1
23,98,1,2,59,46,3
23,98,0,1,76,89,0
23,98,0,1,99,84,1
23,98,1,1,59,46,3
26,70,0,1,77,54,3
26,70,1,1,89,92,0
26,70,1,1,73,43,3
16,97,1,0,74,85,0
16,97,1,0,71,99,0
16,97,0,0,74,94,0
16,97,1,0,60,54,3
16,97,1,1,74,85,0
16,97,1,1,71,99,0
16,97,0,1,74,94,0
16,97,1,1,60,54,3
16,97,1,2,74,85,0
16,97,1,2,71,99,0
16,97,0,2,74,94,0
16,97,1,2,60,54,3
18,89,1,1,81,68,2
18,89,1,1,99,94,0
18,89,0,1,80,40,3
18,89,1,1,84,58,2
18,89,0,1,63,74,1
18,89,1,0,81,68,2
18,89,1,0,99,94,0
18,89,0,0,80,40,3
18,89,1,0,84,58,2
18,89,0,0,63,74,1
11,91,1,1,57,46,3
11,91,0,1,58,43,3
11,91,1,0,57,46,3
11,91,0,0,58,43,3
22,64,1,0,70,97,0
22,64,1,0,85,90,0
22,64,1,0,88,74,1
22,64,1,0,55,49,3
22,64,1,1,70,97,0
22,64,1,1,85,90,0
22,64,1,1,88,74,1
22,64,1,1,55,49,3
22,64,1,2,70,97,0
22,64,1,2,85,90,0
22,64,1,2,88,74,1
22,64,1,2,55,49,3
22,81,1,0,80,79,1
22,81,1,0,75,54,3
22,81,0,0,52,95,0
22,81,1,2,80,79,1
22,81,1,2,75,54,3
22,81,0,2,52,95,0
22,81,1,1,80,79,1
22,81,1,1,75,54,3
22,81,0,1,52,95,0
19,67,1,2,74,81,1
19,67,1,1,74,81,1
19,67,1,0,74,81,1
12,92,0,2,62,89,0
12,92,0,2,86,98,0
12,92,0,0,62,89,0
12,92,0,0,86,98,0
12,92,0,1,62,89,0
12,92,0,1,86,98,0
18,79,1,1,75,64,2
18,79,1,0,75,64,2
18,79,1,2,75,64,2
15,98,1,2,95,100,0
15,98,1,0,95,100,0
22,99,1,0,64,80,1
22,99,1,0,88,73,1
22,99,1,0,95,82,1
22,99,1,1,64,80,1
22,99,1,1,88,73,1
22,99,1,1,95,82,1
22,99,1,2,64,80,1
22,99,1,2,88,73,1
22,99,1,2,95,82,1
31,100,0,1,64,97,0
21,82,0,2,62,47,3
21,82,0,1,62,47,3
22,67,1,2,76,100,0
22,67,1,0,76,100,0
22,67,1,1,76,100,0
20,73,0,1,58,45,3
20,73,0,0,58,45,3
20,73,0,2,58,45,3
8,77,0,1,77,86,0
8,77,1,1,58,88,0
8,77,1,1,77,70,1
8,77,0,0,77,86,0
8,77,1,0,58,88,0
8,77,1,0,77,70,1
20,72,1,1,55,50,3
20,72,1,0,55,50,3
20,72,1,2,55,50,3
20,71,1,2,83,62,2
20,71,0,2,83,87,0
20,71,1,1,83,62,2
20,71,0,1,83,87,0
20,71,1,0,83,62,2
20,71,0,0,83,87,0
35,99,0,0,81,64,2
19,66,1,1,99,96,0
19,66,1,0,99,96,0
22,89,1,1,68,76,1
22,89,0,1,69,96,0
22,89,1,0,68,76,1
22,89,0,0,69,96,0
20,60,1,2,92,48,3
20,60,0,2,84,79,1
20,60,1,0,92,48,3
20,60,0,0,84,79,1
20,60,1,1,92,48,3
20,60,0,1,84,79,1
13,84,0,1,59,63,2
13,84,1,1,73,58,2
13,84,0,1,61,79,1
13,84,0,1,87,86,0
13,84,0,1,89,84,1
13,84,0,1,99,71,1
13,84,0,0,59,63,2
13,84,1,0,73,58,2
13,84,0,0,61,79,1
13,84,0,0,87,86,0
13,84,0,0,89,84,1
13,84,0,0,99,71,1
27,97,1,1,59,46,3
27,97,1,1,80,62,2
27,97,1,1,54,66,2
25,72,0,0,66,57,2
25,72,1,0,86,76,1
25,72,0,1,66,57,2
25,72,1,1,86,76,1
25,72,0,2,66,57,2
25,72,1,2,86,76,1
25,67,1,2,61,59,2
25,67,0,2,59,50,3
25,67,1,2,67,99,0
25,67,1,2,95,98,0
25,67,1,1,61,59,2
25,67,0,1,59,50,3
25,67,1,1,67,99,0
25,67,1,1,95,98,0
15,86,1,1,67,55,2
15,86,1,2,67,55,2
15,86,1,0,67,55,2
28,89,1,2,52,68,2
28,89,0,2,90,51,3
28,89,0,2,80,96,0
28,89,0,2,79,87,0
28,89,0,2,74,46,3
28,89,1,2,91,90,0
12,88,0,0,87,55,2
12,88,1,0,63,96,0
12,88,1,0,86,77,1
12,88,0,1,87,55,2
12,88,1,1,63,96,0
12,88,1,1,86,77,1
12,88,0,2,87,55,2
12,88,1,2,63,96,0
12,88,1,2,86,77,1
24,73,1,1,61,59,2
24,73,1,2,61,59,2
24,73,1,0,61,59,2
14,98,0,1,60,73,1
14,98,1,1,74,65,2
14,98,0,1,68,65,2
14,98,0,1,72,91,0
14,98,0,0,60,73,1
14,98,1,0,74,65,2
14,98,0,0,68,65,2
14,98,0,0,72,91,0
21,78,0,1,95,90,0
21,78,0,0,95,90,0
17,94,0,0,73,59,2
17,94,0,0,63,87,0
17,94,1,0,57,50,3
17,94,0,1,73,59,2
17,94,0,1,63,87,0
17,94,1,1,57,50,3
20,77,1,0,76,59,2
20,77,1,0,53,69,2
20,77,1,1,76,59,2
20,77,1,1,53,69,2
14,66,1,1,62,82,1
14,66,1,1,74,83,1
14,66,1,0,62,82,1
14,66,1,0,74,83,1
23,77,0,1,59,46,3
23,77,1,1,92,62,2
23,77,0,0,59,46,3
23,77,1,0,92,62,2
14,81,0,1,91,49,3
14,81,0,0,91,49,3
29,61,1,0,93,86,0
29,61,1,0,96,71,1
29,61,1,0,88,84,1
15,78,0,0,89,86,0
15,78,0,1,89,86,0
15,78,0,2,89,86,0
18,91,0,1,92,71,1
18,91,0,1,69,100,0
18,91,0,1,93,82,1
18,91,1,1,58,79,1
25,87,0,2,62,72,1
25,87,1,2,62,50,3
25,87,1,2,94,82,1
25,87,0,0,62,72,1
25,87,1,0,62,50,3
25,87,1,0,94,82,1
25,87,0,1,62,72,1
25,87,1,1,62,50,3
25,87,1,1,94,82,1
13,85,0,1,97,50,3
13,85,1,1,79,68,2
13,85,1,1,98,40,3
13,85,1,1,81,67,2
13,85,1,1,72,99,0
13,85,0,0,97,50,3
13,85,1,0,79,68,2
13,85,1,0,98,40,3
13,85,1,0,81,67,2
13,85,1,0,72,99,0
13,85,0,2,97,50,3
13,85,1,2,79,68,2
13,85,1,2,98,40,3
13,85,1,2,81,67,2
13,85,1,2,72,99,0
21,96,1,2,81,63,2
21,96,1,2,55,65,2
21,96,1,1,81,63,2
21,96,1,1,55,65,2
21,96,1,0,81,63,2
21,96,1,0,55,65,2
28,61,0,2,51,93,0
10,82,0,1,71,66,2
10,82,1,1,65,89,0
21,91,1,1,95,44,3
21,91,1,1,86,91,0
21,91,1,1,93,95,0
21,91,1,2,95,44,3
21,91,1,2,86,91,0
21,91,1,2,93,95,0
21,91,1,0,95,44,3
21,91,1,0,86,91,0
21,91,1,0,93,95,0
22,82,1,1,93,70,1
22,82,0,1,97,86,0
22,82,1,0,93,70,1
22,82,0,0,97,86,0
22,82,1,2,93,70,1
22,82,0,2,97,86,0
25,73,0,2,82,45,3
25,73,0,2,81,62,2
25,73,0,2,57,54,3
25,73,0,1,82,45,3
25,73,0,1,81,62,2
25,73,0,1,57,54,3
25,73,0,0,82,45,3
25,73,0,0,81,62,2
25,73,0,0,57,54,3
23,79,1,0,98,61,2
23,79,1,0,57,54,3
23,79,1,0,98,97,0
23,79,1,0,51,42,3
23,79,1,1,98,61,2
23,79,1,1,57,54,3
23,79,1,1,98,97,0
23,79,1,1,51,42,3
22,95,1,1,67,49,3
22,95,1,1,64,40,3
22,95,0,1,56,72,1
22,95,1,1,98,92,0
22,95,1,1,98,64,2
22,83,0,1,73,44,3
22,83,1,1,71,64,2
22,83,0,1,66,87,0
22,83,0,0,73,44,3
22,83,1,0,71,64,2
22,83,0,0,66,87,0
22,87,0,0,100,61,2
22,87,1,0,53,45,3
22,87,1,0,83,83,1
22,87,1,0,89,86,0
22,87,1,0,52,47,3
22,87,0,1,100,61,2
22,87,1,1,53,45,3
22,87,1,1,83,83,1
22,87,1,1,89,86,0
22,87,1,1,52,47,3
16,92,1,0,67,66,2
16,92,1,0,74,61,2
16,92,0,0,84,56,2
16,92,1,2,67,66,2
16,92,1,2,74,61,2
16,92,0,2,84,56,2
16,92,1,1,67,66,2
16,92,1,1,74,61,2
16,92,0,1,84,56,2
21,86,0,1,85,69,2
22,76,1,1,50,44,3
22,76,1,0,50,44,3
16,81,1,1,50,50,3
23,75,0,0,73,100,0
23,75,1,0,65,85,0
23,75,0,2,73,100,0
23,75,1,2,65,85,0
23,75,0,1,73,100,0
23,75,1,1,65,85,0
13,76,1,0,85,84,1
13,76,1,0,89,63,2
13,76,0,0,62,98,0
24,64,0,2,81,55,2
24,64,1,2,60,63,2
24,64,0,2,89,45,3
24,64,0,0,81,55,2
24,64,1,0,60,63,2
24,64,0,0,89,45,3
24,64,0,1,81,55,2
24,64,1,1,60,63,2
24,64,0,1,89,45,3
14,97,1,1,75,79,1
14,97,1,1,77,57,2
14,97,1,1,94,86,0
14,97,1,1,93,48,3
14,97,1,2,75,79,1
14,97,1,2,77,57,2
14,97,1,2,94,86,0
14,97,1,2,93,48,3
25,64,0,0,100,93,0
25,64,1,0,57,40,3
25,64,0,1,100,93,0
25,64,1,1,57,40,3
27,86,1,0,71,67,2
27,86,1,0,51,69,2
27,86,1,1,71,67,2
27,86,1,1,51,69,2
15,77,0,0,90,74,1
15,77,1,0,51,81,1
15,77,0,2,90,74,1
15,77,1,2,51,81,1
15,77,0,1,90,74,1
15,77,1,1,51,81,1
26,76,1,1,77,48,3
26,76,1,1,98,49,3
26,76,1,1,70,91,0
26,76,1,2,77,48,3
26,76,1,2,98,49,3
26,76,1,2,70,91,0
26,76,1,0,77,48,3
26,76,1,0,98,49,3
26,76,1,0,70,91,0
22,87,1,1,100,82,1
22,87,1,0,100,82,1
31,84,0,1,60,56,2
31,84,1,1,91,70,1
31,84,0,2,60,56,2
31,84,1,2,91,70,1
31,84,0,0,60,56,2
31,84,1,0,91,70,1
19,91,0,1,53,66,2
19,91,1,1,65,52,3
19,91,0,2,53,66,2
19,91,1,2,65,52,3
15,93,0,1,62,90,0
15,93,1,1,50,56,2
15,93,0,0,62,90,0
15,93,1,0,50,56,2
15,67,1,2,61,100,0
15,67,0,2,77,85,0
15,67,1,1,61,100,0
15,67,0,1,77,85,0
15,67,1,0,61,100,0
15,67,0,0,77,85,0
15,96,0,2,98,73,1
15,96,0,1,98,73,1
20,86,1,1,50,73,1
20,86,1,1,73,88,0
20,86,1,1,75,76,1
20,86,1,0,50,73,1
20,86,1,0,73,88,0
20,86,1,0,75,76,1
22,95,1,0,66,87,0
22,95,1,1,66,87,0
22,95,1,2,66,87,0
22,79,0,1,100,86,0
22,79,0,2,100,86,0
22,79,0,0,100,86,0
25,82,0,1,79,72,1
25,82,0,1,88,49,3
25,82,0,2,79,72,1
25,82,0,2,88,49,3
20,97,0,0,85,80,1
20,97,1,0,74,91,0
20,97,0,0,74,59,2
20,97,0,1,85,80,1
20,97,1,1,74,91,0
20,97,0,1,74,59,2
20,97,0,2,85,80,1
20,97,1,2,74,91,0
20,97,0,2,74,59,2
29,96,1,0,62,59,2
29,96,1,1,62,59,2
18,78,1,2,50,67,2
18,78,1,1,50,67,2
18,78,1,0,50,67,2
36,71,0,1,94,60,2
36,71,1,1,63,55,2
24,76,1,0,76,58,2
24,76,1,0,90,98,0
24,76,0,0,99,40,3
24,76,1,0,53,86,0
24,76,1,1,76,58,2
24,76,1,1,90,98,0
24,76,0,1,99,40,3
24,76,1,1,53,86,0
24,76,1,2,76,58,2
24,76,1,2,90,98,0
24,76,0,2,99,40,3
24,76,1,2,53,86,0
15,76,1,1,61,42,3
15,76,1,1,58,88,0
14,71,0,0,89,63,2
14,71,1,0,60,42,3
14,71,1,0,75,90,0
23,71,1,0,69,46,3
23,71,1,1,69,46,3
19,94,1,1,69,56,2
19,94,1,1,68,43,3
19,94,0,1,58,56,2
19,94,1,1,83,90,0
19,94,1,2,69,56,2
19,94,1,2,68,43,3
19,94,0,2,58,56,2
19,94,1,2,83,90,0
24,63,1,1,81,60,2
24,63,1,1,95,89,0
24,63,1,1,58,88,0
24,63,1,0,81,60,2
24,63,1,0,95,89,0
24,63,1,0,58,88,0
24,63,1,2,81,60,2
24,63,1,2,95,89,0
24,63,1,2,58,88,0
23,87,0,2,67,90,0
23,87,0,1,67,90,0
20,67,1,1,85,57,2
20,67,0,1,83,100,0
20,67,1,1,59,63,2
20,67,1,2,85,57,2
20,67,0,2,83,100,0
20,67,1,2,59,63,2
20,67,1,0,85,57,2
20,67,0,0,83,100,0
20,67,1,0,59,63,2
15,74,1,0,88,65,2
15,74,1,0,67,40,3
11,62,0,1,72,53,3
11,62,0,1,69,85,0
11,62,0,1,82,41,3
11,62,1,1,69,80,1
11,62,1,1,79,71,1
11,62,0,1,76,99,0
11,62,0,2,72,53,3
11,62,0,2,69,85,0
11,62,0,2,82,41,3
11,62,1,2,69,80,1
11,62,1,2,79,71,1
11,62,0,2,76,99,0
17,71,1,1,68,55,2
17,71,1,0,68,55,2
25,91,1,0,62,57,2
25,91,0,0,54,68,2
25,91,1,0,71,42,3
25,91,1,0,73,48,3
25,91,1,2,62,57,2
25,91,0,2,54,68,2
25,91,1,2,71,42,3
25,91,1,2,73,48,3
25,91,1,1,62,57,2
25,91,0,1,54,68,2
25,91,1,1,71,42,3
25,91,1,1,73,48,3
21,95,1,2,72,100,0
21,95,1,2,58,56,2
21,95,1,2,88,94,0
21,95,0,2,99,71,1
21,95,1,2,88,76,1
21,95,1,0,72,100,0
21,95,1,0,58,56,2
21,95,1,0,88,94,0
21,95,0,0,99,71,1
21,95,1,0,88,76,1
21,95,1,1,72,100,0
21,95,1,1,58,56,2
21,95,1,1,88,94,0
21,95,0,1,99,71,1
21,95,1,1,88,76,1
13,69,1,0,56,65,2
13,69,0,0,74,72,1
13,69,1,0,96,61,2
13,69,1,0,58,50,3
13,69,1,2,56,65,2
13,69,0,2,74,72,1
13,69,1,2,96,61,2
13,69,1,2,58,50,3
21,79,1,0,59,80,1
21,79,1,0,85,55,2
21,79,1,0,75,75,1
21,79,1,1,59,80,1
21,79,1,1,85,55,2
21,79,1,1,75,75,1
21,79,1,2,59,80,1
21,79,1,2,85,55,2
21,79,1,2,75,75,1
21,91,0,1,83,98,0
21,91,0,2,83,98,0
20,81,1,2,73,56,2
20,81,1,2,83,81,1
20,81,1,0,73,56,2
20,81,1,0,83,81,1
20,81,1,1,73,56,2
20,81,1,1,83,81,1
13,87,0,1,88,61,2
13,87,0,0,88,61,2
13,87,0,2,88,61,2
22,94,1,2,83,56,2
22,94,1,2,98,96,0
22,94,1,1,83,56,2
22,94,1,1,98,96,0
23,60,1,1,92,67,2
23,60,0,1,93,60,2
23,60,0,1,63,62,2
12,90,0,1,88,94,0
12,90,0,1,62,70,1
12,90,1,1,67,73,1
12,90,0,0,88,94,0
12,90,0,0,62,70,1
12,90,1,0,67,73,1
14,82,1,1,60,41,3
14,82,1,1,70,78,1
14,82,0,1,63,48,3
14,82,1,0,60,41,3
14,82,1,0,70,78,1
14,82,0,0,63,48,3
14,82,1,2,60,41,3
14,82,1,2,70,78,1
14,82,0,2,63,48,3
23,81,1,1,59,57,2
23,81,1,1,90,54,3
23,81,1,1,79,57,2
23,81,1,0,59,57,2
23,81,1,0,90,54,3
23,81,1,0,79,57,2
23,81,1,2,59,57,2
23,81,1,2,90,54,3
23,81,1,2,79,57,2
23,74,1,0,61,84,1
23,74,1,0,72,56,2
23,74,1,0,65,62,2
23,74,1,1,61,84,1
23,74,1,1,72,56,2
23,74,1,1,65,62,2
43,86,1,1,56,58,2
23,77,0,0,55,64,2
23,77,0,0,90,78,1
23,77,0,0,52,91,0
23,77,1,0,59,51,3
23,77,0,1,55,64,2
23,77,0,1,90,78,1
23,77,0,1,52,91,0
23,77,1,1,59,51,3
27,89,0,1,51,67,2
27,89,1,1,77,75,1
27,89,1,1,98,97,0
26,94,1,2,100,86,0
26,94,0,2,72,74,1
26,94,1,0,100,86,0
26,94,0,0,72,74,1
24,66,0,0,56,84,1
18,78,1,1,76,83,1
18,78,1,0,76,83,1
18,78,1,2,76,83,1
25,76,1,2,98,68,2
25,76,1,2,56,83,1
25,76,1,1,98,68,2
25,76,1,1,56,83,1
15,87,0,1,59,59,2
15,87,0,1,95,87,0
15,87,1,1,52,97,0
15,87,0,2,59,59,2
15,87,0,2,95,87,0
15,87,1,2,52,97,0
19,70,1,2,56,77,1
19,70,0,2,53,91,0
19,70,1,0,56,77,1
19,70,0,0,53,91,0
19,70,1,1,56,77,1
19,70,0,1,53,91,0
20,95,1,0,71,55,2
20,95,1,1,71,55,2
20,95,1,2,71,55,2
10,64,0,2,61,65,2
10,64,1,2,62,68,2
10,64,1,2,67,59,2
10,64,1,2,62,40,3
10,64,0,0,61,65,2
10,64,1,0,62,68,2
10,64,1,0,67,59,2
10,64,1,0,62,40,3
17,69,0,1,78,97,0
27,98,0,0,73,42,3
27,98,0,0,90,84,1
27,98,0,1,73,42,3
27,98,0,1,90,84,1
20,98,1,0,88,71,1
20,98,1,2,88,71,1
20,98,1,1,88,71,1
14,64,0,1,53,58,2
14,64,0,0,53,58,2
16,61,1,0,77,68,2
16,61,0,0,84,53,3
16,61,0,0,91,78,1
16,61,1,2,77,68,2
16,61,0,2,84,53,3
16,61,0,2,91,78,1
16,61,1,1,77,68,2
16,61,0,1,84,53,3
16,61,0,1,91,78,1
24,66,1,2,69,62,2
24,66,1,2,69,64,2
24,66,1,1,69,62,2
24,66,1,1,69,64,2
24,66,1,0,69,62,2
24,66,1,0,69,64,2
16,100,0,2,80,76,1
16,100,0,2,78,77,1
16,100,0,1,80,76,1
16,100,0,1,78,77,1
21,67,0,0,73,89,0
21,67,1,0,99,60,2
21,67,0,0,72,100,0
21,67,0,1,73,89,0
21,67,1,1,99,60,2
21,67,0,1,72,100,0
21,67,0,2,73,89,0
21,67,1,2,99,60,2
21,67,0,2,72,100,0
16,94,0,1,81,92,0
16,94,0,1,91,92,0
16,94,1,1,50,49,3
16,94,1,1,51,97,0
16,94,0,2,81,92,0
16,94,0,2,91,92,0
16,94,1,2,50,49,3
16,94,1,2,51,97,0
33,61,1,2,55,65,2
33,61,1,1,55,65,2
24,84,1,0,93,69,2
24,84,1,0,56,61,2
24,84,0,0,94,67,2
24,84,1,0,84,70,1
24,84,1,2,93,69,2
24,84,1,2,56,61,2
24,84,0,2,94,67,2
24,84,1,2,84,70,1
24,84,1,1,93,69,2
24,84,1,1,56,61,2
24,84,0,1,94,67,2
24,84,1,1,84,70,1
8,71,0,1,80,52,3
8,71,1,1,86,58,2
8,71,1,1,83,89,0
8,71,1,1,54,45,3
8,71,1,1,63,80,1
8,71,0,2,80,52,3
8,71,1,2,86,58,2
8,71,1,2,83,89,0
8,71,1,2,54,45,3
8,71,1,2,63,80,1
21,94,0,0,61,48,3
21,94,0,0,59,48,3
21,94,0,1,61,48,3
21,94,0,1,59,48,3
16,71,0,1,62,60,2
16,71,1,1,77,59,2
16,71,0,1,64,73,1
16,71,1,1,99,75,1
16,71,0,0,62,60,2
16,71,1,0,77,59,2
16,71,0,0,64,73,1
16,71,1,0,99,75,1
16,71,0,2,62,60,2
16,71,1,2,77,59,2
16,71,0,2,64,73,1
16,71,1,2,99,75,1
18,92,1,1,51,66,2
18,92,1,1,68,43,3
18,92,1,0,51,66,2
18,92,1,0,68,43,3
17,92,0,1,74,56,2
17,92,0,2,74,56,2
16,78,0,1,75,58,2
16,78,1,1,94,63,2
16,78,0,2,75,58,2
16,78,1,2,94,63,2
12,93,1,0,76,44,3
26,77,0,0,60,62,2
26,77,1,0,88,61,2
26,77,1,0,86,63,2
26,77,0,1,60,62,2
26,77,1,1,88,61,2
26,77,1,1,86,63,2
26,77,0,2,60,62,2
26,77,1,2,88,61,2
26,77,1,2,86,63,2
26,71,0,0,72,55,2
26,71,1,0,69,88,0
26,71,0,1,72,55,2
26,71,1,1,69,88,0
11,81,1,2,82,74,1
11,81,1,2,76,75,1
11,81,1,1,82,74,1
11,81,1,1,76,75,1
17,78,1,1,54,57,2
17,78,1,0,54,57,2
17,78,1,2,54,57,2
28,78,1,2,79,92,0
28,78,1,2,52,40,3
28,78,1,1,79,92,0
28,78,1,1,52,40,3
28,78,1,0,79,92,0
28,78,1,0,52,40,3
16,64,1,1,86,67,2
16,64,1,1,61,48,3
16,64,0,1,71,55,2
16,64,1,1,60,66,2
16,64,1,0,86,67,2
16,64,1,0,61,48,3
16,64,0,0,71,55,2
16,64,1,0,60,66,2
25,69,1,0,82,68,2
25,69,0,0,64,57,2
25,69,1,1,82,68,2
25,69,0,1,64,57,2
25,69,1,2,82,68,2
25,69,0,2,64,57,2
14,68,0,1,68,92,0
14,68,0,2,68,92,0
14,68,0,0,68,92,0
14,83,1,1,95,58,2
14,83,1,1,54,68,2
14,83,0,1,57,94,0
14,83,1,1,73,56,2
14,83,1,0,95,58,2
14,83,1,0,54,68,2
14,83,0,0,57,94,0
14,83,1,0,73,56,2
18,75,1,1,52,63,2
18,75,1,0,52,63,2
18,75,1,2,52,63,2
30,81,1,1,76,79,1
30,81,1,1,65,58,2
30,81,1,0,76,79,1
30,81,1,0,65,58,2
11,68,0,1,73,48,3
11,68,0,1,76,41,3
11,68,0,0,73,48,3
11,68,0,0,76,41,3
17,66,0,1,70,50,3
17,66,1,1,83,52,3
17,66,1,1,90,41,3
17,66,1,1,65,47,3
17,66,0,0,70,50,3
17,66,1,0,83,52,3
17,66,1,0,90,41,3
17,66,1,0,65,47,3
29,77,1,1,87,41,3
29,77,1,1,100,71,1
29,77,1,2,87,41,3
29,77,1,2,100,71,1
11,76,1,1,89,65,2
11,76,1,1,99,84,1
11,76,1,1,89,94,0
27,61,1,1,73,43,3
27,61,1,1,51,91,0
27,61,1,2,73,43,3
27,61,1,2,51,91,0
14,82,0,0,92,79,1
14,82,1,0,85,79,1
14,82,1,0,77,69,2
14,82,0,2,92,79,1
14,82,1,2,85,79,1
14,82,1,2,77,69,2
14,82,0,1,92,79,1
14,82,1,1,85,79,1
14,82,1,1,77,69,2
23,82,1,1,70,65,2
21,88,1,1,61,75,1
21,88,1,2,61,75,1
21,88,1,0,61,75,1
20,70,1,0,51,99,0
20,70,1,1,51,99,0
21,98,0,1,72,45,3
21,98,1,1,65,73,1
21,98,0,1,89,59,2
21,98,0,1,93,86,0
21,98,0,1,53,67,2
21,98,1,1,67,64,2
21,98,1,1,99,49,3
21,98,1,1,80,77,1
21,98,0,2,72,45,3
21,98,1,2,65,73,1
21,98,0,2,89,59,2
21,98,0,2,93,86,0
21,98,0,2,53,67,2
21,98,1,2,67,64,2
21,98,1,2,99,49,3
21,98,1,2,80,77,1
24,65,1,0,60,41,3
24,65,0,0,79,78,1
24,65,1,0,98,47,3
24,65,1,1,60,41,3
24,65,0,1,79,78,1
24,65,1,1,98,47,3
30,80,1,1,63,78,1
30,80,0,1,55,78,1
30,80,0,1,90,100,0
30,80,0,1,89,44,3
30,80,1,2,63,78,1
30,80,0,2,55,78,1
30,80,0,2,90,100,0
30,80,0,2,89,44,3
33,62,0,1,90,55,2
8,73,0,1,85,71,1
8,73,1,1,93,55,2
19,66,1,1,53,64,2
24,88,0,0,100,95,0
24,88,1,0,81,80,1
24,88,0,1,100,95,0
24,88,1,1,81,80,1
24,88,0,2,100,95,0
24,88,1,2,81,80,1
19,60,1,2,83,42,3
19,60,1,2,54,41,3
19,60,1,1,83,42,3
19,60,1,1,54,41,3
16,67,1,1,82,98,0
16,67,1,2,82,98,0
16,67,1,0,82,98,0
25,84,1,0,80,50,3
25,84,1,0,96,65,2
25,84,0,0,69,99,0
25,84,1,0,82,81,1
25,84,1,1,80,50,3
25,84,1,1,96,65,2
25,84,0,1,69,99,0
25,84,1,1,82,81,1
25,84,1,2,80,50,3
25,84,1,2,96,65,2
25,84,0,2,69,99,0
25,84,1,2,82,81,1
22,73,1,0,63,92,0
22,73,1,0,56,82,1
22,73,0,0,97,41,3
22,73,1,1,63,92,0
22,73,1,1,56,82,1
22,73,0,1,97,41,3
22,63,1,1,63,74,1
22,63,0,1,87,69,2
22,63,1,2,63,74,1
22,63,0,2,87,69,2
22,63,1,0,63,74,1
22,63,0,0,87,69,2
24,68,0,1,66,93,0
24,68,1,1,89,93,0
24,68,0,0,66,93,0
24,68,1,0,89,93,0
24,68,0,2,66,93,0
24,68,1,2,89,93,0
17,86,1,2,53,75,1
17,86,1,0,53,75,1
24,71,1,1,77,91,0
24,71,1,1,64,82,1
24,71,1,0,77,91,0
24,71,1,0,64,82,1
24,60,0,2,73,75,1
24,60,0,2,97,95,0
24,60,0,1,73,75,1
24,60,0,1,97,95,0
24,60,0,0,73,75,1
24,60,0,0,97,95,0
28,99,1,1,52,83,1
28,99,1,0,52,83,1
16,84,1,1,58,69,2
16,84,1,1,98,93,0
16,84,0,1,87,58,2
16,84,1,1,72,62,2
16,84,1,1,70,100,0
16,84,1,2,58,69,2
16,84,1,2,98,93,0
16,84,0,2,87,58,2
16,84,1,2,72,62,2
16,84,1,2,70,100,0
16,84,1,0,58,69,2
16,84,1,0,98,93,0
16,84,0,0,87,58,2
16,84,1,0,72,62,2
16,84,1,0,70,100,0
23,79,1,1,50,51,3
23,79,1,0,50,51,3
23,79,1,2,50,51,3
19,83,0,1,98,99,0
19,83,0,0,98,99,0
28,71,1,2,56,69,2
28,71,0,2,97,94,0
28,71,0,2,77,46,3
24,90,0,1,70,73,1
24,90,1,1,67,92,0
24,90,0,0,70,73,1
24,90,1,0,67,92,0
24,90,0,2,70,73,1
24,90,1,2,67,92,0
18,80,1,0,84,65,2
18,80,0,0,63,91,0
18,80,1,0,63,50,3
18,80,1,1,84,65,2
18,80,0,1,63,91,0
18,80,1,1,63,50,3
18,80,1,2,84,65,2
18,80,0,2,63,91,0
18,80,1,2,63,50,3
22,63,0,1,70,47,3
22,63,0,1,61,88,0
22,63,0,1,93,67,2
22,63,0,1,79,62,2
22,63,1,1,99,41,3
22,63,0,0,70,47,3
22,63,0,0,61,88,0
22,63,0,0,93,67,2
22,63,0,0,79,62,2
22,63,1,0,99,41,3
19,89,1,1,95,66,2
19,89,1,2,95,66,2
19,89,1,0,95,66,2
21,92,0,0,73,53,3
21,92,0,0,53,68,2
24,72,1,2,74,72,1
24,72,1,2,72,52,3
24,72,1,1,74,72,1
24,72,1,1,72,52,3
24,72,1,0,74,72,1
24,72,1,0,72,52,3
33,77,1,1,76,87,0
33,77,1,1,75,77,1
14,96,0,2,65,65,2
14,96,0,2,51,93,0
14,96,0,0,65,65,2
14,96,0,0,51,93,0
14,96,0,1,65,65,2
14,96,0,1,51,93,0
13,94,0,0,82,98,0
13,94,0,0,99,55,2
13,94,0,2,82,98,0
13,94,0,2,99,55,2
13,94,0,1,82,98,0
13,94,0,1,99,55,2
27,81,0,1,96,94,0
27,81,0,1,53,98,0
27,81,1,1,83,73,1
27,81,0,0,96,94,0
27,81,0,0,53,98,0
27,81,1,0,83,73,1
25,88,1,0,60,83,1
25,88,0,0,53,45,3
25,88,1,0,63,82,1
24,95,1,2,85,95,0
24,95,0,2,67,87,0
24,95,1,1,85,95,0
24,95,0,1,67,87,0
24,95,1,0,85,95,0
24,95,0,0,67,87,0
24,80,0,2,52,42,3
24,80,1,2,100,50,3
24,80,0,1,52,42,3
24,80,1,1,100,50,3
24,80,0,0,52,42,3
24,80,1,0,100,50,3
15,90,1,1,85,95,0
15,90,1,2,85,95,0
16,76,1,1,76,65,2
16,76,1,1,70,83,1
16,76,1,1,95,63,2
16,76,1,1,96,81,1
16,76,1,2,76,65,2
16,76,1,2,70,83,1
16,76,1,2,95,63,2
16,76,1,2,96,81,1
26,95,1,1,68,63,2
26,95,0,1,74,75,1
26,95,0,1,93,54,3
26,95,1,0,68,63,2
26,95,0,0,74,75,1
26,95,0,0,93,54,3
15,76,1,0,90,55,2
15,76,1,0,55,79,1
15,76,1,1,90,55,2
15,76,1,1,55,79,1
18,69,0,0,59,74,1
18,69,0,0,99,92,0
18,69,1,0,80,94,0
18,69,0,0,53,78,1
18,69,0,0,66,85,0
18,69,0,1,59,74,1
18,69,0,1,99,92,0
18,69,1,1,80,94,0
18,69,0,1,53,78,1
18,69,0,1,66,85,0
18,69,0,2,59,74,1
18,69,0,2,99,92,0
18,69,1,2,80,94,0
18,69,0,2,53,78,1
18,69,0,2,66,85,0
22,74,1,0,57,70,1
22,74,0,0,98,81,1
22,74,1,1,57,70,1
22,74,0,1,98,81,1
22,74,1,2,57,70,1
22,74,0,2,98,81,1
21,90,1,0,75,43,3
21,90,0,0,95,59,2
21,90,0,0,58,68,2
21,90,1,0,72,42,3
21,90,1,1,75,43,3
21,90,0,1,95,59,2
21,90,0,1,58,68,2
21,90,1,1,72,42,3
21,90,1,2,75,43,3
21,90,0,2,95,59,2
21,90,0,2,58,68,2
21,90,1,2,72,42,3
21,70,1,1,68,56,2
21,70,1,2,68,56,2
21,70,1,0,68,56,2
17,75,1,1,67,40,3
17,75,1,0,67,40,3
21,99,1,2,55,87,0
21,99,1,2,90,51,3
21,99,1,2,100,52,3
21,99,1,2,77,59,2
21,99,1,1,55,87,0
21,99,1,1,90,51,3
21,99,1,1,100,52,3
21,99,1,1,77,59,2
12,63,1,0,51,73,1
19,84,0,2,75,57,2
19,84,0,2,71,99,0
19,84,0,1,75,57,2
19,84,0,1,71,99,0
19,84,0,0,75,57,2
19,84,0,0,71,99,0
22,84,1,1,85,92,0
22,84,1,1,68,87,0
22,84,1,1,78,48,3
22,84,1,1,66,89,0
29,77,0,1,71,94,0
29,77,0,0,71,94,0
25,77,1,2,71,59,2
25,77,1,2,70,85,0
25,77,1,1,71,59,2
25,77,1,1,70,85,0
25,77,1,0,71,59,2
25,77,1,0,70,85,0
19,62,0,0,95,98,0
19,62,1,0,82,66,2
19,62,0,2,95,98,0
19,62,1,2,82,66,2
19,62,0,1,95,98,0
19,62,1,1,82,66,2
20,66,1,2,85,98,0
20,66,1,1,85,98,0
20,66,1,0,85,98,0
18,64,1,2,52,94,0
18,64,1,2,65,72,1
18,64,1,2,57,99,0
18,64,1,2,96,60,2
18,64,1,0,52,94,0
18,64,1,0,65,72,1
18,64,1,0,57,99,0
18,64,1,0,96,60,2
18,64,1,1,52,94,0
18,64,1,1,65,72,1
18,64,1,1,57,99,0
18,64,1,1,96,60,2
15,64,1,2,97,61,2
15,64,1,2,79,55,2
15,64,1,0,97,61,2
15,64,1,0,79,55,2
15,64,1,1,97,61,2
15,64,1,1,79,55,2
23,84,1,0,75,76,1
23,84,1,0,61,62,2
23,84,1,0,87,49,3
23,84,0,0,52,67,2
23,84,1,1,75,76,1
23,84,1,1,61,62,2
23,84,1,1,87,49,3
23,84,0,1,52,67,2
29,68,1,1,51,84,1
29,68,1,0,51,84,1
21,69,0,1,80,58,2
21,69,0,2,80,58,2
21,69,0,0,80,58,2
20,73,1,1,59,50,3
20,73,1,0,59,50,3
21,68,1,0,76,67,2
21,68,1,1,76,67,2
21,68,1,2,76,67,2
20,61,1,1,71,50,3
20,61,0,1,64,52,3
29,81,0,1,81,88,0
29,81,0,1,84,79,1
29,81,0,0,81,88,0
29,81,0,0,84,79,1
26,96,1,1,55,69,2
26,96,1,1,58,41,3
26,96,1,1,98,55,2
33,67,0,2,83,51,3
33,67,1,2,90,54,3
33,67,0,1,83,51,3
33,67,1,1,90,54,3
15,92,0,0,92,100,0
15,92,0,0,70,93,0
15,92,1,0,68,86,0
15,92,0,1,92,100,0
15,92,0,1,70,93,0
15,92,1,1,68,86,0
25,92,1,1,76,83,1
25,92,1,0,76,83,1
33,76,0,0,95,97,0
33,76,0,0,69,44,3
33,76,1,0,53,88,0
33,76,0,0,85,45,3
15,67,1,0,74,43,3
15,67,1,2,74,43,3
15,67,1,1,74,43,3
15,70,1,1,88,41,3
15,70,0,1,76,49,3
15,70,1,0,88,41,3
15,70,0,0,76,49,3
16,71,0,1,59,55,2
16,71,1,1,89,73,1
16,71,0,0,59,55,2
16,71,1,0,89,73,1
7,82,1,1,54,44,3
7,82,1,1,60,75,1
17,76,0,2,59,85,0
17,76,0,1,59,85,0
17,76,0,0,59,85,0
22,99,1,0,76,98,0
22,99,1,0,73,86,0
22,99,1,2,76,98,0
22,99,1,2,73,86,0
22,99,1,1,76,98,0
22,99,1,1,73,86,0
31,69,1,1,76,80,1
31,69,0,1,76,61,2
26,91,1,1,73,99,0
26,91,0,1,81,89,0
26,91,1,1,70,91,0
17,74,0,1,72,73,1
17,74,0,0,72,73,1
15,66,1,1,72,94,0
15,66,1,0,72,94,0
31,86,0,1,78,85,0
31,86,0,1,66,43,3
31,86,0,1,97,74,1
31,86,0,1,55,79,1
27,83,1,1,79,94,0
27,83,0,1,51,70,1
27,83,1,1,52,75,1
17,79,1,0,91,95,0
17,79,0,0,50,93,0
17,79,1,0,95,64,2
17,79,1,1,91,95,0
17,79,0,1,50,93,0
17,79,1,1,95,64,2
10,80,1,2,75,57,2
19,64,0,1,87,69,2
19,64,0,2,87,69,2
10,96,1,1,50,95,0
16,62,0,0,54,55,2
16,62,1,0,75,51,3
16,62,0,0,72,64,2
16,62,1,0,71,82,1
16,62,0,1,54,55,2
16,62,1,1,75,51,3
16,62,0,1,72,64,2
16,62,1,1,71,82,1
17,77,0,1,92,41,3
17,77,1,1,87,78,1
17,77,0,0,92,41,3
17,77,1,0,87,78,1
14,65,0,0,71,77,1
14,65,1,0,60,41,3
14,65,1,0,61,96,0
14,65,1,0,62,50,3
14,65,0,1,71,77,1
14,65,1,1,60,41,3
14,65,1,1,61,96,0
14,65,1,1,62,50,3
19,80,1,1,52,73,1
19,80,1,0,52,73,1
19,80,1,2,52,73,1
24,91,0,0,61,71,1
24,91,1,0,56,44,3
24,91,1,0,100,94,0
24,91,0,2,61,71,1
24,91,1,2,56,44,3
24,91,1,2,100,94,0
24,91,0,1,61,71,1
24,91,1,1,56,44,3
24,91,1,1,100,94,0
13,70,1,1,91,44,3
13,70,1,1,54,87,0
13,70,1,2,91,44,3
13,70,1,2,54,87,0
11,79,1,1,73,57,2
16,94,1,0,78,49,3
16,94,1,1,78,49,3
16,94,1,2,78,49,3
27,62,1,0,89,68,2
27,62,0,0,52,48,3
27,62,1,0,55,51,3
20,65,0,0,76,85,0
20,65,0,2,76,85,0
20,65,0,1,76,85,0
32,68,0,2,62,74,1
32,68,1,2,71,89,0
32,68,0,1,62,74,1
32,68,1,1,71,89,0
31,76,1,1,52,87,0
31,76,1,1,73,65,2
31,76,1,1,72,84,1
31,76,1,1,84,41,3
31,76,1,0,52,87,0
31,76,1,0,73,65,2
31,76,1,0,72,84,1
31,76,1,0,84,41,3
26,74,0,0,69,80,1
26,74,0,1,69,80,1
24,86,1,1,62,97,0
24,86,1,1,52,98,0
24,86,1,1,91,40,3
24,86,1,0,62,97,0
24,86,1,0,52,98,0
24,86,1,0,91,40,3
28,88,0,1,73,60,2
24,74,1,1,53,68,2
24,74,0,1,95,48,3
24,74,1,1,52,68,2
24,74,1,1,85,88,0
24,74,1,2,53,68,2
24,74,0,2,95,48,3
24,74,1,2,52,68,2
24,74,1,2,85,88,0
26,83,0,2,78,96,0
26,83,0,2,96,91,0
26,83,0,2,67,93,0
26,83,0,0,78,96,0
26,83,0,0,96,91,0
26,83,0,0,67,93,0
26,83,0,1,78,96,0
26,83,0,1,96,91,0
26,83,0,1,67,93,0
9,74,0,0,78,68,2
9,74,1,0,77,84,1
9,74,1,0,79,67,2
13,63,1,1,82,67,2
13,63,0,1,93,70,1
13,63,1,2,82,67,2
13,63,0,2,93,70,1
13,63,1,0,82,67,2
13,63,0,0,93,70,1
8,100,1,1,93,51,3
8,100,1,1,78,68,2
18,65,0,1,51,97,0
18,65,0,1,67,86,0
18,65,0,1,97,86,0
18,65,0,0,51,97,0
18,65,0,0,67,86,0
18,65,0,0,97,86,0
18,65,0,2,51,97,0
18,65,0,2,67,86,0
18,65,0,2,97,86,0
29,95,1,1,68,53,3
29,95,1,1,82,98,0
29,95,1,0,68,53,3
29,95,1,0,82,98,0
20,72,0,0,61,82,1
20,72,0,0,77,66,2
20,72,0,2,61,82,1
20,72,0,2,77,66,2
20,72,0,1,61,82,1
20,72,0,1,77,66,2
30,86,0,1,53,73,1
30,86,1,1,71,45,3
30,86,1,1,54,62,2
12,73,0,1,57,57,2
12,73,1,1,97,84,1
10,76,1,1,87,68,2
10,76,0,1,96,85,0
10,76,0,1,77,88,0
10,76,0,1,83,100,0
20,70,0,1,97,58,2
20,70,0,2,97,58,2
22,74,1,0,79,75,1
22,74,1,0,63,79,1
22,74,1,0,84,67,2
22,74,1,1,79,75,1
22,74,1,1,63,79,1
22,74,1,1,84,67,2
20,76,0,1,95,71,1
20,76,0,0,95,71,1
8,89,0,0,77,94,0
8,89,1,0,56,75,1
8,89,1,0,94,70,1
8,89,0,1,77,94,0
8,89,1,1,56,75,1
8,89,1,1,94,70,1
12,98,1,1,56,88,0
12,98,0,1,76,94,0
12,98,1,1,87,45,3
24,62,1,2,75,85,0
24,62,1,2,56,75,1
24,62,1,1,75,85,0
24,62,1,1,56,75,1
24,62,1,0,75,85,0
24,62,1,0,56,75,1
22,80,1,1,97,88,0
22,80,1,1,64,62,2
22,80,1,1,71,42,3
22,80,1,1,70,56,2
22,80,0,1,78,85,0
22,80,1,1,72,53,3
22,80,1,2,97,88,0
22,80,1,2,64,62,2
22,80,1,2,71,42,3
22,80,1,2,70,56,2
22,80,0,2,78,85,0
22,80,1,2,72,53,3
22,80,1,0,97,88,0
22,80,1,0,64,62,2
22,80,1,0,71,42,3
22,80,1,0,70,56,2
22,80,0,0,78,85,0
22,80,1,0,72,53,3
14,83,1,1,94,77,1
14,83,0,1,99,83,1
14,83,1,0,94,77,1
14,83,0,0,99,83,1
14,62,1,0,96,77,1
14,62,1,0,76,99,0
14,62,1,1,96,77,1
14,62,1,1,76,99,0
14,62,1,2,96,77,1
14,62,1,2,76,99,0
20,83,0,1,76,58,2
20,83,0,1,65,42,3
20,83,0,0,76,58,2
20,83,0,0,65,42,3
20,83,0,2,76,58,2
20,83,0,2,65,42,3
23,95,1,1,77,73,1
23,95,1,1,98,63,2
23,95,1,2,77,73,1
23,95,1,2,98,63,2
17,61,0,2,78,73,1
17,61,1,2,61,88,0
17,61,0,1,78,73,1
17,61,1,1,61,88,0
17,61,0,0,78,73,1
17,61,1,0,61,88,0
15,89,0,1,80,86,0
15,89,0,1,88,77,1
15,89,1,1,96,71,1
19,97,1,1,65,96,0
19,97,1,0,65,96,0
19,97,1,2,65,96,0
14,86,1,1,96,92,0
14,86,1,0,96,92,0
13,62,0,1,85,88,0
13,62,0,1,61,64,2
13,62,1,1,65,75,1
13,62,1,1,81,49,3
13,62,0,0,85,88,0
13,62,0,0,61,64,2
13,62,1,0,65,75,1
13,62,1,0,81,49,3
20,79,1,0,67,51,3
20,79,1,2,67,51,3
20,79,1,1,67,51,3
21,88,1,2,78,97,0
21,88,1,2,51,57,2
21,88,1,0,78,97,0
21,88,1,0,51,57,2
21,88,1,1,78,97,0
21,88,1,1,51,57,2
19,79,0,0,76,61,2
19,79,1,0,61,97,0
19,79,0,0,60,67,2
19,79,0,1,76,61,2
19,79,1,1,61,97,0
19,79,0,1,60,67,2
19,79,0,2,76,61,2
19,79,1,2,61,97,0
19,79,0,2,60,67,2
24,69,1,0,61,72,1
24,69,1,1,61,72,1
25,63,0,1,96,91,0
17,83,0,1,87,67,2
17,83,0,0,87,67,2
17,85,0,2,64,81,1
17,85,1,2,53,97,0
17,85,0,0,64,81,1
17,85,1,0,53,97,0
17,85,0,1,64,81,1
17,85,1,1,53,97,0
18,80,1,1,86,54,3
18,80,0,1,74,61,2
18,80,0,1,90,71,1
18,80,0,1,74,83,1
6,93,1,2,83,81,1
11,94,1,2,86,41,3
11,94,0,2,91,40,3
11,94,1,2,75,50,3
11,94,1,2,83,100,0
11,94,1,1,86,41,3
11,94,0,1,91,40,3
11,94,1,1,75,50,3
11,94,1,1,83,100,0
28,85,1,1,75,87,0
28,85,1,1,54,43,3
28,85,1,0,75,87,0
28,85,1,0,54,43,3
30,61,1,1,89,83,1
30,61,1,0,89,83,1
19,88,0,1,77,45,3
19,88,0,1,74,68,2
38,86,1,0,99,53,3
27,74,1,1,83,45,3
27,74,1,1,66,57,2
27,74,1,1,76,62,2
27,74,1,1,66,69,2
27,74,1,0,83,45,3
27,74,1,0,66,57,2
27,74,1,0,76,62,2
27,74,1,0,66,69,2
14,65,1,1,72,75,1
14,65,1,1,93,96,0
14,65,1,0,72,75,1
14,65,1,0,93,96,0
21,60,0,0,79,76,1
21,60,1,0,50,40,3
21,60,0,0,63,74,1
21,60,1,0,56,63,2
21,60,0,1,79,76,1
21,60,1,1,50,40,3
21,60,0,1,63,74,1
21,60,1,1,56,63,2
15,97,0,1,82,98,0
15,97,0,1,53,97,0
15,97,1,1,69,41,3
15,97,0,2,82,98,0
15,97,0,2,53,97,0
15,97,1,2,69,41,3
11,65,0,1,91,78,1
11,65,1,1,70,97,0
14,73,1,1,90,75,1
14,73,0,1,81,40,3
14,73,1,1,95,69,2
14,73,0,1,98,68,2
14,73,1,1,60,75,1
14,73,0,1,98,93,0
14,73,0,1,53,68,2
14,73,1,0,90,75,1
14,73,0,0,81,40,3
14,73,1,0,95,69,2
14,73,0,0,98,68,2
14,73,1,0,60,75,1
14,73,0,0,98,93,0
14,73,0,0,53,68,2
14,73,1,2,90,75,1
14,73,0,2,81,40,3
14,73,1,2,95,69,2
14,73,0,2,98,68,2
14,73,1,2,60,75,1
14,73,0,2,98,93,0
14,73,0,2,53,68,2
30,75,1,2,96,40,3
30,75,0,2,60,63,2
30,75,0,2,77,92,0
30,75,1,2,55,69,2
30,75,1,2,57,64,2
20,61,0,1,68,56,2
20,61,1,1,91,70,1
20,61,1,1,72,82,1
20,61,0,1,69,91,0
20,61,0,0,68,56,2
20,61,1,0,91,70,1
20,61,1,0,72,82,1
20,61,0,0,69,91,0
15,73,1,1,59,78,1
15,73,1,0,59,78,1
29,92,0,2,99,83,1
29,92,1,2,55,49,3
29,92,0,1,99,83,1
29,92,1,1,55,49,3
29,92,0,0,99,83,1
29,92,1,0,55,49,3
23,88,1,1,86,45,3
23,88,0,1,84,93,0
23,88,0,1,91,91,0
23,88,1,1,81,96,0
23,88,1,0,86,45,3
23,88,0,0,84,93,0
23,88,0,0,91,91,0
23,88,1,0,81,96,0
14,89,1,1,88,51,3
14,89,1,1,74,65,2
14,89,1,0,88,51,3
14,89,1,0,74,65,2
14,89,1,2,88,51,3
14,89,1,2,74,65,2
15,72,0,1,97,95,0
15,72,1,1,73,57,2
15,72,1,1,99,73,1
15,72,1,1,70,86,0
15,72,0,2,97,95,0
15,72,1,2,73,57,2
15,72,1,2,99,73,1
15,72,1,2,70,86,0
12,64,0,2,64,84,1
12,64,0,2,54,88,0
12,64,0,2,86,51,3
12,64,0,1,64,84,1
12,64,0,1,54,88,0
12,64,0,1,86,51,3
12,64,0,0,64,84,1
12,64,0,0,54,88,0
12,64,0,0,86,51,3
31,93,0,1,62,66,2
31,93,1,1,89,94,0
31,93,1,1,62,66,2
31,93,0,0,62,66,2
31,93,1,0,89,94,0
31,93,1,0,62,66,2
12,99,0,0,92,72,1
12,99,1,0,56,85,0
12,99,0,1,92,72,1
12,99,1,1,56,85,0
23,80,0,0,54,47,3
23,80,1,0,97,79,1
23,80,0,0,83,68,2
23,80,1,0,73,81,1
23,80,0,1,54,47,3
23,80,1,1,97,79,1
23,80,0,1,83,68,2
23,80,1,1,73,81,1
23,80,0,2,54,47,3
23,80,1,2,97,79,1
23,80,0,2,83,68,2
23,80,1,2,73,81,1
16,60,1,0,58,77,1
16,60,1,0,72,57,2
16,60,1,0,99,46,3
20,63,1,0,99,60,2
20,63,0,0,98,50,3
20,63,1,0,83,68,2
20,63,1,1,99,60,2
20,63,0,1,98,50,3
20,63,1,1,83,68,2
15,98,0,0,87,64,2
15,98,0,0,58,67,2
15,98,0,1,87,64,2
15,98,0,1,58,67,2
15,98,0,2,87,64,2
15,98,0,2,58,67,2
22,75,0,0,99,60,2
22,75,1,0,93,84,1
22,75,0,2,99,60,2
22,75,1,2,93,84,1
15,90,1,0,55,43,3
15,90,1,0,81,96,0
15,90,1,1,55,43,3
15,90,1,1,81,96,0
17,84,1,2,85,94,0
17,84,1,2,84,68,2
17,84,0,2,88,65,2
17,84,1,2,54,90,0
17,84,0,2,77,49,3
17,84,1,0,85,94,0
17,84,1,0,84,68,2
17,84,0,0,88,65,2
17,84,1,0,54,90,0
17,84,0,0,77,49,3
17,84,1,1,85,94,0
17,84,1,1,84,68,2
17,84,0,1,88,65,2
17,84,1,1,54,90,0
17,84,0,1,77,49,3
25,85,1,2,69,70,1
25,85,0,2,96,50,3
25,85,1,2,78,76,1
25,85,1,0,69,70,1
25,85,0,0,96,50,3
25,85,1,0,78,76,1
25,85,1,1,69,70,1
25,85,0,1,96,50,3
25,85,1,1,78,76,1
23,86,1,0,81,85,0
23,86,1,1,81,85,0
23,86,1,2,81,85,0
14,85,1,0,58,56,2
14,85,0,0,88,65,2
14,85,0,0,73,87,0
14,85,1,1,58,56,2
14,85,0,1,88,65,2
14,85,0,1,73,87,0
21,82,1,1,78,46,3
21,82,1,1,80,91,0
21,82,1,2,78,46,3
21,82,1,2,80,91,0
21,82,1,0,78,46,3
21,82,1,0,80,91,0
25,99,0,2,99,97,0
25,99,0,2,80,48,3
25,99,0,1,99,97,0
25,99,0,1,80,48,3
10,89,1,0,70,58,2
10,89,0,0,82,57,2
10,89,1,0,62,94,0
10,89,1,1,70,58,2
10,89,0,1,82,57,2
10,89,1,1,62,94,0
16,95,0,0,91,59,2
16,95,0,0,66,89,0
16,95,0,2,91,59,2
16,95,0,2,66,89,0
16,95,0,1,91,59,2
16,95,0,1,66,89,0
23,69,1,1,69,80,1
23,69,1,2,69,80,1
23,69,1,0,69,80,1
15,63,1,0,93,78,1
9,79,0,2,69,53,3
9,79,1,2,91,58,2
9,79,0,2,81,66,2
10,81,0,1,64,82,1
10,81,1,1,90,94,0
10,81,1,1,52,50,3
10,81,0,1,93,61,2
20,93,0,1,65,54,3
20,93,1,1,55,99,0
20,93,1,1,65,56,2
20,93,1,1,51,47,3
20,93,0,0,65,54,3
20,93,1,0,55,99,0
20,93,1,0,65,56,2
20,93,1,0,51,47,3
20,93,0,2,65,54,3
20,93,1,2,55,99,0
20,93,1,2,65,56,2
20,93,1,2,51,47,3
22,78,1,0,95,60,2
22,78,1,0,58,73,1
22,78,0,0,87,65,2
22,78,1,1,95,60,2
22,78,1,1,58,73,1
22,78,0,1,87,65,2
22,78,1,2,95,60,2
22,78,1,2,58,73,1
22,78,0,2,87,65,2
24,81,0,1,64,43,3
24,81,1,1,97,83,1
10,62,0,2,97,51,3
10,62,1,2,60,68,2
10,62,1,2,95,83,1
10,62,0,2,98,65,2
10,62,0,2,79,59,2
10,62,0,1,97,51,3
10,62,1,1,60,68,2
10,62,1,1,95,83,1
10,62,0,1,98,65,2
10,62,0,1,79,59,2
20,85,1,2,52,53,3
20,85,0,2,98,67,2
20,85,1,2,50,75,1
20,85,0,2,97,81,1
20,85,1,2,54,41,3
20,85,1,0,52,53,3
20,85,0,0,98,67,2
20,85,1,0,50,75,1
20,85,0,0,97,81,1
20,85,1,0,54,41,3
20,85,1,1,52,53,3
20,85,0,1,98,67,2
20,85,1,1,50,75,1
20,85,0,1,97,81,1
20,85,1,1,54,41,3
13,93,0,2,99,53,3
13,93,1,2,94,75,1
13,93,1,2,58,96,0
13,93,1,2,89,41,3
13,93,0,1,99,53,3
13,93,1,1,94,75,1
13,93,1,1,58,96,0
13,93,1,1,89,41,3
13,93,0,0,99,53,3
13,93,1,0,94,75,1
13,93,1,0,58,96,0
13,93,1,0,89,41,3
20,84,1,2,83,66,2
20,84,1,1,83,66,2
20,84,1,0,83,66,2
15,84,0,0,59,95,0
15,84,1,0,82,79,1
15,84,0,0,74,65,2
15,84,1,0,54,69,2
15,84,0,1,59,95,0
15,84,1,1,82,79,1
15,84,0,1,74,65,2
15,84,1,1,54,69,2
18,67,1,0,78,56,2
18,67,0,0,76,100,0
18,67,1,1,78,56,2
18,67,0,1,76,100,0
18,67,1,2,78,56,2
18,67,0,2,76,100,0
17,99,1,1,81,43,3
17,99,1,1,99,74,1
17,99,1,0,81,43,3
17,99,1,0,99,74,1
13,69,0,1,66,77,1
13,69,1,1,91,75,1
13,69,0,1,62,55,2
13,69,0,0,66,77,1
13,69,1,0,91,75,1
13,69,0,0,62,55,2
23,67,0,1,70,93,0
23,67,0,2,70,93,0
23,67,0,0,70,93,0
29,87,1,2,69,59,2
5,84,1,2,74,65,2
5,84,1,0,74,65,2
19,96,1,0,72,54,3
19,96,1,0,62,65,2
19,96,0,0,66,72,1
19,96,1,0,98,73,1
19,96,1,2,72,54,3
19,96,1,2,62,65,2
19,96,0,2,66,72,1
19,96,1,2,98,73,1
19,76,1,0,83,54,3
19,76,0,0,72,90,0
19,76,1,1,83,54,3
19,76,0,1,72,90,0
27,95,1,2,63,91,0
22,97,1,1,73,89,0
22,97,1,1,79,77,1
22,97,1,1,66,65,2
22,97,1,2,73,89,0
22,97,1,2,79,77,1
22,97,1,2,66,65,2
22,72,0,1,50,87,0
22,72,0,0,50,87,0
22,72,0,2,50,87,0
18,95,1,0,55,57,2
18,95,1,0,53,99,0
18,95,0,0,85,51,3
18,95,1,2,55,57,2
18,95,1,2,53,99,0
18,95,0,2,85,51,3
18,95,1,1,55,57,2
18,95,1,1,53,99,0
18,95,0,1,85,51,3
17,91,0,2,94,81,1
17,91,0,2,54,75,1
17,91,0,1,94,81,1
17,91,0,1,54,75,1
17,91,0,0,94,81,1
17,91,0,0,54,75,1
22,71,1,2,59,61,2
22,71,1,2,73,97,0
22,71,0,2,51,57,2
22,71,1,1,59,61,2
22,71,1,1,73,97,0
22,71,0,1,51,57,2
22,71,1,0,59,61,2
22,71,1,0,73,97,0
22,71,0,0,51,57,2
25,60,1,1,55,90,0
27,74,0,2,58,98,0
27,74,0,2,84,61,2
27,74,1,2,54,44,3
27,74,0,1,58,98,0
27,74,0,1,84,61,2
27,74,1,1,54,44,3
18,73,1,1,63,78,1
18,73,1,1,92,78,1
18,73,1,1,77,91,0
18,73,1,2,63,78,1
18,73,1,2,92,78,1
18,73,1,2,77,91,0
8,86,1,2,68,69,2
8,86,1,2,90,90,0
8,86,1,2,85,91,0
8,86,1,0,68,69,2
8,86,1,0,90,90,0
8,86,1,0,85,91,0
14,94,0,1,95,65,2
14,94,0,2,95,65,2
9,84,1,2,95,95,0
9,84,1,2,66,82,1
9,84,1,1,95,95,0
9,84,1,1,66,82,1
25,82,1,1,95,48,3
25,82,0,1,61,94,0
25,82,1,1,92,44,3
25,82,1,1,69,55,2
25,82,1,0,95,48,3
25,82,0,0,61,94,0
25,82,1,0,92,44,3
25,82,1,0,69,55,2
7,86,1,1,76,40,3
25,89,1,2,95,82,1
25,89,1,1,95,82,1
18,84,1,1,79,98,0
18,84,1,1,60,82,1
18,84,1,1,71,46,3
18,84,0,1,98,47,3
18,84,1,0,79,98,0
18,84,1,0,60,82,1
18,84,1,0,71,46,3
18,84,0,0,98,47,3
24,71,1,1,85,81,1
24,71,1,0,85,81,1
34,63,1,0,78,67,2
34,63,1,0,65,95,0
17,73,1,2,88,54,3
17,73,0,2,94,51,3
17,73,1,1,88,54,3
17,73,0,1,94,51,3
17,73,1,0,88,54,3
17,73,0,0,94,51,3
15,89,0,0,54,64,2
15,89,0,2,54,64,2
15,89,0,1,54,64,2
25,86,1,0,60,71,1
25,86,1,0,51,51,3
25,86,1,1,60,71,1
25,86,1,1,51,51,3
23,85,1,0,67,81,1
23,85,1,0,90,74,1
23,85,1,0,85,97,0
23,85,0,0,88,55,2
23,85,1,1,67,81,1
23,85,1,1,90,74,1
23,85,1,1,85,97,0
23,85,0,1,88,55,2
26,60,0,2,50,96,0
26,60,0,2,94,84,1
26,60,1,2,92,62,2
17,88,1,1,57,73,1
17,88,0,1,65,74,1
17,88,0,1,55,44,3
14,98,0,1,78,43,3
14,98,0,1,83,91,0
14,98,0,1,96,69,2
14,98,0,2,78,43,3
14,98,0,2,83,91,0
14,98,0,2,96,69,2
14,98,0,0,78,43,3
14,98,0,0,83,91,0
14,98,0,0,96,69,2
17,93,1,1,79,45,3
17,93,1,1,74,83,1
17,93,1,2,79,45,3
17,93,1,2,74,83,1
17,93,1,0,79,45,3
17,93,1,0,74,83,1
14,68,1,1,51,81,1
14,68,0,1,81,98,0
14,68,0,1,62,84,1
14,68,1,2,51,81,1
14,68,0,2,81,98,0
14,68,0,2,62,84,1
14,68,1,0,51,81,1
14,68,0,0,81,98,0
14,68,0,0,62,84,1
25,74,0,1,71,70,1
25,74,1,1,65,44,3
25,74,1,1,53,76,1
25,74,1,1,75,49,3
25,74,1,1,51,43,3
25,74,1,1,57,72,1
25,74,0,0,71,70,1
25,74,1,0,65,44,3
25,74,1,0,53,76,1
25,74,1,0,75,49,3
25,74,1,0,51,43,3
25,74,1,0,57,72,1
25,74,0,2,71,70,1
25,74,1,2,65,44,3
25,74,1,2,53,76,1
25,74,1,2,75,49,3
25,74,1,2,51,43,3
25,74,1,2,57,72,1
28,79,1,1,82,73,1
28,79,0,1,67,42,3
28,79,1,1,94,52,3
28,79,0,1,83,69,2
28,79,1,0,82,73,1
28,79,0,0,67,42,3
28,79,1,0,94,52,3
28,79,0,0,83,69,2
31,81,1,0,64,52,3
31,81,1,0,58,96,0
31,81,1,0,89,90,0
31,81,0,0,63,69,2
13,99,0,1,99,47,3
13,99,1,1,71,85,0
13,99,1,1,52,77,1
13,99,0,1,83,58,2
13,99,0,1,76,96,0
13,99,1,1,92,58,2
13,99,1,1,73,71,1
13,99,0,2,99,47,3
13,99,1,2,71,85,0
13,99,1,2,52,77,1
13,99,0,2,83,58,2
13,99,0,2,76,96,0
13,99,1,2,92,58,2
13,99,1,2,73,71,1
29,97,1,1,65,77,1
29,97,0,1,62,66,2
29,97,1,1,86,75,1
24,97,1,0,95,83,1
24,97,0,0,70,79,1
24,97,0,0,52,42,3
24,97,0,0,56,48,3
24,97,1,0,68,90,0
24,97,0,0,98,85,0
24,97,0,0,62,67,2
24,97,1,2,95,83,1
24,97,0,2,70,79,1
24,97,0,2,52,42,3
24,97,0,2,56,48,3
24,97,1,2,68,90,0
24,97,0,2,98,85,0
24,97,0,2,62,67,2
24,97,1,1,95,83,1
24,97,0,1,70,79,1
24,97,0,1,52,42,3
24,97,0,1,56,48,3
24,97,1,1,68,90,0
24,97,0,1,98,85,0
24,97,0,1,62,67,2
20,81,1,0,64,63,2
20,81,0,0,80,88,0
20,81,1,1,64,63,2
20,81,0,1,80,88,0
22,89,0,1,58,51,3
22,89,0,1,73,58,2
22,89,0,1,51,68,2
22,89,1,1,72,88,0
22,89,0,2,58,51,3
22,89,0,2,73,58,2
22,89,0,2,51,68,2
22,89,1,2,72,88,0
13,77,1,1,98,99,0
13,77,0,1,66,82,1
13,77,1,0,98,99,0
13,77,0,0,66,82,1
35,85,0,2,60,76,1
35,85,0,2,59,77,1
35,85,0,2,66,61,2
35,85,1,2,73,54,3
35,85,1,2,96,97,0
35,85,1,2,73,65,2
35,85,1,2,82,73,1
21,74,1,0,89,59,2
21,74,1,0,69,90,0
21,74,1,0,91,68,2
21,74,1,1,89,59,2
21,74,1,1,69,90,0
21,74,1,1,91,68,2
21,74,1,2,89,59,2
21,74,1,2,69,90,0
21,74,1,2,91,68,2
24,83,0,0,98,80,1
24,83,0,2,98,80,1
23,80,1,1,68,55,2
23,80,1,1,53,64,2
23,80,1,1,77,79,1
23,80,1,0,68,55,2
23,80,1,0,53,64,2
23,80,1,0,77,79,1
15,71,1,0,87,43,3
15,71,1,2,87,43,3
15,71,1,1,87,43,3
23,75,1,0,72,94,0
23,75,1,0,89,82,1
23,75,1,2,72,94,0
23,75,1,2,89,82,1
23,75,1,1,72,94,0
23,75,1,1,89,82,1
31,63,1,0,91,91,0
28,62,0,1,50,51,3
28,62,0,1,51,63,2
28,62,0,2,50,51,3
28,62,0,2,51,63,2
30,70,1,1,59,89,0
30,70,1,1,87,64,2
30,70,0,1,54,89,0
30,70,1,1,62,80,1
30,70,1,1,50,70,1
17,63,1,1,95,43,3
17,63,1,1,72,42,3
17,63,0,1,76,54,3
17,63,0,1,73,79,1
14,64,1,0,93,62,2
14,64,1,0,51,96,0
19,93,1,1,52,91,0
19,93,1,2,52,91,0
20,62,0,2,56,79,1
20,62,0,2,81,64,2
20,62,1,2,61,83,1
20,62,0,0,56,79,1
20,62,0,0,81,64,2
20,62,1,0,61,83,1
27,86,0,0,93,47,3
27,86,0,0,87,66,2
27,86,0,2,93,47,3
27,86,0,2,87,66,2
10,71,0,2,99,59,2
10,71,1,2,76,97,0
10,71,0,0,99,59,2
10,71,1,0,76,97,0
19,79,0,0,70,40,3
19,79,0,1,70,40,3
19,79,0,2,70,40,3
17,72,0,0,94,75,1
17,72,0,2,94,75,1
17,72,0,1,94,75,1
14,81,1,0,68,44,3
14,81,0,0,54,42,3
14,81,1,0,64,79,1
14,81,1,2,68,44,3
14,81,0,2,54,42,3
14,81,1,2,64,79,1
14,81,1,1,68,44,3
14,81,0,1,54,42,3
14,81,1,1,64,79,1
10,75,0,1,61,40,3
10,75,1,1,56,42,3
10,75,1,1,80,98,0
10,75,0,0,61,40,3
10,75,1,0,56,42,3
10,75,1,0,80,98,0
25,83,1,1,90,41,3
12,77,1,1,77,81,1
12,77,1,1,65,65,2
18,74,1,1,89,81,1
18,74,1,2,89,81,1
18,74,1,0,89,81,1
30,88,1,1,84,69,2
30,88,0,1,62,50,3
30,88,0,1,60,98,0
30,88,1,1,94,81,1
30,88,0,1,73,57,2
30,88,1,2,84,69,2
30,88,0,2,62,50,3
30,88,0,2,60,98,0
30,88,1,2,94,81,1
30,88,0,2,73,57,2
30,88,1,0,84,69,2
30,88,0,0,62,50,3
30,88,0,0,60,98,0
30,88,1,0,94,81,1
30,88,0,0,73,57,2
11,93,1,0,81,93,0
11,93,1,0,51,89,0
11,93,1,1,81,93,0
11,93,1,1,51,89,0
19,78,1,1,87,56,2
19,78,1,0,87,56,2
20,94,0,1,84,50,3
20,94,0,0,84,50,3
19,89,1,1,78,47,3
19,89,1,1,95,80,1
19,89,0,1,95,47,3
19,89,1,1,54,87,0
19,89,1,0,78,47,3
19,89,1,0,95,80,1
19,89,0,0,95,47,3
19,89,1,0,54,87,0
19,89,1,2,78,47,3
19,89,1,2,95,80,1
19,89,0,2,95,47,3
19,89,1,2,54,87,0
27,73,1,0,63,45,3
27,73,1,0,66,82,1
18,99,1,0,90,68,2
18,99,1,0,68,77,1
18,99,1,1,90,68,2
18,99,1,1,68,77,1
35,78,0,1,85,40,3
35,78,0,1,89,50,3
20,76,0,0,79,91,0
20,76,0,0,59,55,2
20,76,0,0,58,62,2
20,76,0,1,79,91,0
20,76,0,1,59,55,2
20,76,0,1,58,62,2
20,83,0,1,56,67,2
20,83,1,1,89,78,1
20,83,1,1,57,78,1
20,83,0,2,56,67,2
20,83,1,2,89,78,1
20,83,1,2,57,78,1
20,83,0,0,56,67,2
20,83,1,0,89,78,1
20,83,1,0,57,78,1
21,98,1,0,83,79,1
21,98,0,0,78,82,1
21,98,1,1,83,79,1
21,98,0,1,78,82,1
19,81,1,0,67,100,0
19,81,1,0,99,70,1
19,81,1,1,67,100,0
19,81,1,1,99,70,1
19,81,1,2,67,100,0
19,81,1,2,99,70,1
17,93,1,1,52,82,1
17,93,1,1,53,80,1
17,93,1,1,58,78,1
17,93,1,1,61,86,0
17,93,1,0,52,82,1
17,93,1,0,53,80,1
17,93,1,0,58,78,1
17,93,1,0,61,86,0
17,82,1,0,71,61,2
17,82,1,0,56,64,2
17,82,0,0,65,46,3
17,82,1,1,71,61,2
17,82,1,1,56,64,2
17,82,0,1,65,46,3
17,82,1,2,71,61,2
17,82,1,2,56,64,2
17,82,0,2,65,46,3
16,83,1,1,75,46,3
16,83,1,1,61,95,0
27,68,1,1,87,55,2
27,68,0,1,90,76,1
27,68,1,1,51,43,3
27,68,1,0,87,55,2
27,68,0,0,90,76,1
27,68,1,0,51,43,3
27,68,1,2,87,55,2
27,68,0,2,90,76,1
27,68,1,2,51,43,3
27,97,1,0,69,97,0
27,97,1,0,61,50,3
27,97,0,0,79,100,0
8,94,0,2,81,88,0
8,94,0,2,73,44,3
18,91,0,2,65,56,2
18,91,0,2,87,72,1
18,91,1,2,85,92,0
18,91,0,2,63,71,1
18,91,0,1,65,56,2
18,91,0,1,87,72,1
18,91,1,1,85,92,0
18,91,0,1,63,71,1
18,91,0,0,65,56,2
18,91,0,0,87,72,1
18,91,1,0,85,92,0
18,91,0,0,63,71,1
18,76,1,1,83,97,0
18,76,1,1,62,52,3
18,76,1,1,87,98,0
18,76,1,1,55,93,0
18,76,1,2,83,97,0
18,76,1,2,62,52,3
18,76,1,2,87,98,0
18,76,1,2,55,93,0
18,76,1,0,83,97,0
18,76,1,0,62,52,3
18,76,1,0,87,98,0
18,76,1,0,55,93,0
12,80,1,2,97,86,0
12,80,0,2,90,66,2
12,80,1,1,97,86,0
12,80,0,1,90,66,2
15,79,0,0,92,45,3
15,79,1,0,93,81,1
15,79,1,0,76,80,1
15,79,0,1,92,45,3
15,79,1,1,93,81,1
15,79,1,1,76,80,1
13,70,1,1,65,52,3
13,70,1,1,87,75,1
13,70,1,1,55,86,0
13,70,1,2,65,52,3
13,70,1,2,87,75,1
13,70,1,2,55,86,0
31,80,1,0,91,80,1
31,80,1,2,91,80,1
28,65,1,1,70,64,2
28,65,1,2,70,64,2
13,90,1,1,94,81,1
23,81,0,1,56,59,2
23,81,1,1,89,83,1
23,81,0,2,56,59,2
23,81,1,2,89,83,1
23,81,0,0,56,59,2
23,81,1,0,89,83,1
24,89,1,1,66,90,0
24,89,0,1,98,62,2
23,68,0,1,61,93,0
23,68,1,1,88,71,1
23,68,0,1,82,99,0
23,68,0,1,77,69,2
23,68,0,2,61,93,0
23,68,1,2,88,71,1
23,68,0,2,82,99,0
23,68,0,2,77,69,2
23,68,0,0,61,93,0
23,68,1,0,88,71,1
23,68,0,0,82,99,0
23,68,0,0,77,69,2
27,79,1,0,85,57,2
24,73,0,1,54,44,3
24,73,1,1,67,69,2
22,76,0,2,91,85,0
22,76,1,2,88,49,3
22,76,0,1,91,85,0
22,76,1,1,88,49,3
22,76,0,0,91,85,0
22,76,1,0,88,49,3
12,99,0,1,55,84,1
12,99,1,1,56,49,3
12,99,1,1,83,99,0
26,69,1,1,84,92,0
26,69,0,1,82,81,1
26,69,0,1,90,93,0
26,69,1,0,84,92,0
26,69,0,0,82,81,1
26,69,0,0,90,93,0
19,84,0,0,91,49,3
19,84,0,0,98,66,2
19,84,0,1,91,49,3
19,84,0,1,98,66,2
19,84,0,2,91,49,3
19,84,0,2,98,66,2
17,77,0,0,58,48,3
17,77,1,0,77,92,0
17,77,1,0,88,63,2
17,77,1,0,77,48,3
26,63,1,1,55,41,3
16,80,0,2,86,72,1
16,80,0,1,86,72,1
12,72,0,0,54,68,2
12,72,0,0,80,88,0
12,72,1,0,93,69,2
12,72,1,0,56,47,3
12,72,1,0,90,57,2
12,72,0,2,54,68,2
12,72,0,2,80,88,0
12,72,1,2,93,69,2
12,72,1,2,56,47,3
12,72,1,2,90,57,2
12,72,0,1,54,68,2
12,72,0,1,80,88,0
12,72,1,1,93,69,2
12,72,1,1,56,47,3
12,72,1,1,90,57,2
30,75,0,2,98,57,2
30,75,0,0,98,57,2
30,75,0,1,98,57,2
19,92,0,1,92,96,0
19,92,0,1,62,88,0
19,92,1,1,81,46,3
19,92,0,1,89,85,0
19,92,0,0,92,96,0
19,92,0,0,62,88,0
19,92,1,0,81,46,3
19,92,0,0,89,85,0
20,65,1,1,51,79,1
20,65,0,1,87,95,0
20,65,1,0,51,79,1
20,65,0,0,87,95,0
20,65,1,2,51,79,1
20,65,0,2,87,95,0
21,66,1,1,61,92,0
21,66,1,1,78,71,1
21,66,1,2,61,92,0
21,66,1,2,78,71,1
21,66,1,0,61,92,0
21,66,1,0,78,71,1
18,69,0,0,89,72,1
18,69,0,0,81,79,1
18,69,0,0,65,64,2
18,69,0,1,89,72,1
18,69,0,1,81,79,1
18,69,0,1,65,64,2
20,89,1,1,92,68,2
20,89,1,1,79,57,2
20,89,1,1,81,99,0
20,89,1,1,55,41,3
20,89,1,0,92,68,2
20,89,1,0,79,57,2
20,89,1,0,81,99,0
20,89,1,0,55,41,3
20,89,1,2,92,68,2
20,89,1,2,79,57,2
20,89,1,2,81,99,0
20,89,1,2,55,41,3
10,81,0,0,63,81,1
10,81,0,1,63,81,1
12,82,0,2,74,66,2
12,82,0,2,83,41,3
12,82,0,0,74,66,2
12,82,0,0,83,41,3
24,78,1,2,89,55,2
24,78,0,2,59,55,2
24,78,1,2,66,98,0
24,78,1,2,71,64,2
24,78,1,1,89,55,2
24,78,0,1,59,55,2
24,78,1,1,66,98,0
24,78,1,1,71,64,2
24,78,1,0,89,55,2
24,78,0,0,59,55,2
24,78,1,0,66,98,0
24,78,1,0,71,64,2
21,73,1,1,81,90,0
21,73,0,1,89,87,0
21,73,1,2,81,90,0
21,73,0,2,89,87,0
20,84,0,0,59,77,1
20,84,1,0,82,98,0
20,84,1,0,100,62,2
20,84,0,1,59,77,1
20,84,1,1,82,98,0
20,84,1,1,100,62,2
20,84,0,2,59,77,1
20,84,1,2,82,98,0
20,84,1,2,100,62,2
17,98,0,0,53,98,0
17,98,1,0,77,84,1
17,98,1,0,68,95,0
17,98,1,0,75,99,0
17,98,0,1,53,98,0
17,98,1,1,77,84,1
17,98,1,1,68,95,0
17,98,1,1,75,99,0
17,98,0,2,53,98,0
17,98,1,2,77,84,1
17,98,1,2,68,95,0
17,98,1,2,75,99,0
15,94,0,0,60,69,2
15,94,0,1,60,69,2
21,96,1,1,81,55,2
21,96,1,0,81,55,2
21,96,1,2,81,55,2
14,79,0,1,63,68,2
26,76,1,0,53,48,3
26,76,1,0,84,40,3
26,76,0,0,77,73,1
26,76,1,1,53,48,3
26,76,1,1,84,40,3
26,76,0,1,77,73,1
22,77,1,1,60,65,2
22,77,0,1,68,96,0
22,77,0,1,65,47,3
22,77,1,2,60,65,2
22,77,0,2,68,96,0
22,77,0,2,65,47,3
22,77,1,0,60,65,2
22,77,0,0,68,96,0
22,77,0,0,65,47,3
26,84,1,1,67,75,1
26,84,1,1,93,53,3
26,84,1,0,67,75,1
26,84,1,0,93,53,3
30,88,0,1,78,61,2
30,88,0,1,58,76,1
30,88,0,1,51,49,3
30,88,0,2,78,61,2
30,88,0,2,58,76,1
30,88,0,2,51,49,3
26,98,1,2,53,78,1
26,98,0,2,68,73,1
26,98,0,2,72,86,0
26,98,1,2,52,91,0
26,98,1,0,53,78,1
26,98,0,0,68,73,1
26,98,0,0,72,86,0
26,98,1,0,52,91,0
26,98,1,1,53,78,1
26,98,0,1,68,73,1
26,98,0,1,72,86,0
26,98,1,1,52,91,0
16,81,0,1,73,50,3
16,81,0,2,73,50,3
23,91,1,0,58,73,1
23,91,1,1,58,73,1
23,91,1,2,58,73,1
16,82,0,0,65,69,2
16,82,1,0,61,61,2
16,82,0,0,58,85,0
16,82,0,1,65,69,2
16,82,1,1,61,61,2
16,82,0,1,58,85,0
16,82,0,2,65,69,2
16,82,1,2,61,61,2
16,82,0,2,58,85,0
16,79,0,1,90,80,1
16,79,1,1,52,43,3
16,79,1,1,100,78,1
16,79,0,1,70,83,1
16,79,0,1,73,47,3
16,79,0,0,90,80,1
16,79,1,0,52,43,3
16,79,1,0,100,78,1
16,79,0,0,70,83,1
16,79,0,0,73,47,3
12,85,0,2,93,97,0
12,85,1,2,91,73,1
12,85,1,2,56,76,1
12,85,0,2,58,89,0
14,76,1,0,88,56,2
14,76,0,0,76,60,2
14,76,1,1,88,56,2
14,76,0,1,76,60,2
14,76,1,2,88,56,2
14,76,0,2,76,60,2
12,68,1,1,58,85,0
12,68,0,1,58,68,2
12,68,1,1,95,46,3
12,68,1,0,58,85,0
12,68,0,0,58,68,2
12,68,1,0,95,46,3
26,80,0,1,96,90,0
26,80,1,1,82,66,2
26,80,0,0,96,90,0
26,80,1,0,82,66,2
26,80,0,2,96,90,0
26,80,1,2,82,66,2
14,89,1,0,62,68,2
14,89,1,0,70,68,2
14,89,1,0,86,49,3
14,89,1,2,62,68,2
14,89,1,2,70,68,2
14,89,1,2,86,49,3
21,76,0,1,67,73,1
21,76,0,0,67,73,1
24,82,0,1,92,86,0
24,82,0,1,55,42,3
24,82,1,1,76,42,3
24,82,1,1,59,40,3
35,65,1,2,95,59,2
35,65,1,2,94,98,0
19,80,0,1,55,49,3
19,80,1,1,69,91,0
19,80,0,2,55,49,3
19,80,1,2,69,91,0
19,80,0,0,55,49,3
19,80,1,0,69,91,0
27,67,1,1,77,65,2
27,67,1,1,80,85,0
27,67,0,1,95,83,1
16,65,1,0,58,46,3
16,65,1,0,92,91,0
16,65,0,0,83,94,0
16,65,1,0,62,65,2
16,65,1,1,58,46,3
16,65,1,1,92,91,0
16,65,0,1,83,94,0
16,65,1,1,62,65,2
31,76,0,1,53,55,2
24,96,0,1,82,76,1
24,96,0,0,82,76,1
19,67,1,1,81,94,0
19,67,1,2,81,94,0
19,67,1,0,81,94,0
21,71,0,0,68,96,0
21,71,1,0,78,56,2
21,71,0,1,68,96,0
21,71,1,1,78,56,2
21,71,0,2,68,96,0
21,71,1,2,78,56,2
12,94,0,1,87,81,1
12,94,0,1,84,90,0
12,94,0,2,87,81,1
12,94,0,2,84,90,0
22,61,1,0,91,99,0
22,61,1,0,78,85,0
22,61,1,0,97,90,0
22,61,1,0,63,74,1
22,61,0,0,84,71,1
22,61,1,1,91,99,0
22,61,1,1,78,85,0
22,61,1,1,97,90,0
22,61,1,1,63,74,1
22,61,0,1,84,71,1
22,61,1,2,91,99,0
22,61,1,2,78,85,0
22,61,1,2,97,90,0
22,61,1,2,63,74,1
22,61,0,2,84,71,1
24,63,0,0,69,43,3
24,63,1,0,52,95,0
24,63,1,0,63,55,2
24,63,0,1,69,43,3
24,63,1,1,52,95,0
24,63,1,1,63,55,2
23,71,1,2,86,41,3
23,71,1,2,63,70,1
23,71,1,1,86,41,3
23,71,1,1,63,70,1
23,71,1,0,86,41,3
23,71,1,0,63,70,1
26,68,1,1,59,93,0
26,68,1,1,81,65,2
26,68,1,1,84,77,1
26,68,1,2,59,93,0
26,68,1,2,81,65,2
26,68,1,2,84,77,1
25,69,1,1,88,43,3
25,69,0,1,62,61,2
25,69,0,1,63,71,1
25,69,1,2,88,43,3
25,69,0,2,62,61,2
25,69,0,2,63,71,1
23,92,1,1,82,81,1
23,92,1,1,92,58,2
23,92,1,1,70,82,1
23,92,1,2,82,81,1
23,92,1,2,92,58,2
23,92,1,2,70,82,1
10,60,1,1,91,52,3
10,60,1,0,91,52,3
21,76,0,1,56,83,1
21,76,1,1,74,42,3
21,76,0,1,57,91,0
21,76,0,2,56,83,1
21,76,1,2,74,42,3
21,76,0,2,57,91,0
21,76,0,0,56,83,1
21,76,1,0,74,42,3
21,76,0,0,57,91,0
12,87,1,1,79,61,2
14,88,0,1,100,49,3
26,89,1,1,88,74,1
26,89,1,0,88,74,1
20,98,1,2,61,59,2
20,98,1,2,77,62,2
20,98,1,1,61,59,2
20,98,1,1,77,62,2
20,98,1,0,61,59,2
20,98,1,0,77,62,2
21,97,1,1,100,75,1
21,97,0,1,58,89,0
21,97,1,0,100,75,1
21,97,0,0,58,89,0
21,97,1,2,100,75,1
21,97,0,2,58,89,0
17,92,1,1,93,77,1
17,92,1,1,58,88,0
17,92,1,2,93,77,1
17,92,1,2,58,88,0
17,92,1,0,93,77,1
17,92,1,0,58,88,0
28,87,1,1,70,48,3
19,98,1,0,84,84,1
19,98,1,0,91,76,1
19,98,0,0,51,51,3
19,98,1,2,84,84,1
19,98,1,2,91,76,1
19,98,0,2,51,51,3
19,98,1,1,84,84,1
19,98,1,1,91,76,1
19,98,0,1,51,51,3
26,97,0,0,82,87,0
26,97,1,0,72,49,3
26,97,0,0,98,52,3
26,97,0,0,99,86,0
11,63,1,2,54,45,3
11,63,0,2,67,100,0
11,63,1,2,57,78,1
11,63,0,2,65,55,2
20,92,1,0,72,46,3
20,92,1,1,72,46,3
17,96,1,1,59,54,3
17,96,1,0,59,54,3
28,98,1,1,62,53,3
28,98,0,1,61,96,0
28,98,1,1,79,79,1
28,98,1,1,84,78,1
28,98,1,1,55,94,0
28,98,0,1,64,71,1
34,63,1,1,63,60,2
18,76,1,1,68,88,0
18,76,1,1,88,65,2
18,76,1,1,65,40,3
18,76,1,2,68,88,0
18,76,1,2,88,65,2
18,76,1,2,65,40,3
17,61,1,2,62,69,2
17,61,1,0,62,69,2
17,61,1,1,62,69,2
29,73,1,1,71,42,3
17,96,0,1,100,68,2
17,96,1,1,55,95,0
17,96,0,1,69,70,1
17,96,0,1,82,44,3
17,96,0,0,100,68,2
17,96,1,0,55,95,0
17,96,0,0,69,70,1
17,96,0,0,82,44,3
14,84,1,1,84,80,1
14,84,1,0,84,80,1
20,96,1,1,67,66,2
20,96,1,1,64,48,3
20,96,1,0,67,66,2
20,96,1,0,64,48,3
29,76,0,0,71,44,3
29,76,0,1,71,44,3
20,79,1,0,77,74,1
20,79,1,0,90,81,1
20,79,1,2,77,74,1
20,79,1,2,90,81,1
20,79,1,1,77,74,1
20,79,1,1,90,81,1
24,65,0,0,88,95,0
24,65,0,1,88,95,0
13,97,1,1,88,99,0
13,97,1,1,100,73,1
13,97,0,1,56,87,0
13,97,1,2,88,99,0
13,97,1,2,100,73,1
13,97,0,2,56,87,0
13,97,1,0,88,99,0
13,97,1,0,100,73,1
13,97,0,0,56,87,0
21,89,0,0,79,90,0
21,89,1,0,51,54,3
21,89,0,0,100,90,0
21,89,0,1,79,90,0
21,89,1,1,51,54,3
21,89,0,1,100,90,0
21,89,0,2,79,90,0
21,89,1,2,51,54,3
21,89,0,2,100,90,0
22,61,0,2,83,94,0
22,61,1,2,53,79,1
22,61,1,2,78,91,0
22,61,1,2,66,41,3
22,61,0,0,83,94,0
22,61,1,0,53,79,1
22,61,1,0,78,91,0
22,61,1,0,66,41,3
22,61,0,1,83,94,0
22,61,1,1,53,79,1
22,61,1,1,78,91,0
22,61,1,1,66,41,3
35,64,0,1,56,43,3
35,64,0,1,59,95,0
35,64,0,2,56,43,3
35,64,0,2,59,95,0
16,88,1,1,99,69,2
16,88,1,2,99,69,2
27,88,1,1,79,56,2
27,88,0,1,70,44,3
27,88,1,0,79,56,2
27,88,0,0,70,44,3
29,80,0,1,100,44,3
23,78,0,0,67,84,1
23,78,0,1,67,84,1
23,78,0,2,67,84,1
17,68,1,2,52,74,1
17,68,1,2,69,45,3
17,68,1,1,52,74,1
17,68,1,1,69,45,3
11,85,1,0,78,90,0
11,85,1,0,60,44,3
11,85,1,2,78,90,0
11,85,1,2,60,44,3
11,85,1,1,78,90,0
11,85,1,1,60,44,3
29,70,0,0,99,68,2
29,70,0,2,99,68,2
16,91,1,2,84,63,2
16,91,0,2,60,59,2
16,91,1,2,92,56,2
16,91,1,2,100,57,2
16,91,1,2,57,55,2
16,91,1,1,84,63,2
16,91,0,1,60,59,2
16,91,1,1,92,56,2
16,91,1,1,100,57,2
16,91,1,1,57,55,2
16,91,1,0,84,63,2
16,91,0,0,60,59,2
16,91,1,0,92,56,2
16,91,1,0,100,57,2
16,91,1,0,57,55,2
18,73,1,0,67,76,1
18,73,1,0,53,64,2
18,73,1,0,80,62,2
18,73,0,0,52,65,2
18,73,1,1,67,76,1
18,73,1,1,53,64,2
18,73,1,1,80,62,2
18,73,0,1,52,65,2
22,70,0,1,66,83,1
22,70,1,1,86,47,3
22,70,0,2,66,83,1
22,70,1,2,86,47,3
22,70,0,0,66,83,1
22,70,1,0,86,47,3
22,67,1,0,79,53,3
22,67,0,0,62,56,2
22,67,1,1,79,53,3
22,67,0,1,62,56,2
22,67,1,2,79,53,3
22,67,0,2,62,56,2
32,65,0,0,97,74,1
32,65,1,0,61,90,0
32,65,0,1,97,74,1
32,65,1,1,61,90,0
12,87,1,0,98,73,1
12,87,1,0,59,83,1
16,85,1,2,68,42,3
16,85,1,2,100,42,3
16,85,0,2,72,74,1
16,85,1,2,71,70,1
16,85,1,0,68,42,3
16,85,1,0,100,42,3
16,85,0,0,72,74,1
16,85,1,0,71,70,1
31,62,0,1,56,45,3
21,71,1,1,59,74,1
21,71,1,1,92,97,0
21,71,1,0,59,74,1
21,71,1,0,92,97,0
21,71,1,2,59,74,1
21,71,1,2,92,97,0
35,72,1,1,92,85,0
35,72,1,1,71,54,3
17,81,1,1,89,64,2
17,81,1,1,71,52,3
17,81,1,0,89,64,2
17,81,1,0,71,52,3
17,81,1,2,89,64,2
17,81,1,2,71,52,3
17,87,1,1,63,48,3
17,87,1,0,63,48,3
17,87,1,2,63,48,3
24,89,0,1,61,71,1
24,89,0,0,61,71,1
24,89,0,2,61,71,1
31,73,1,1,87,97,0
24,72,1,1,67,64,2
24,72,1,2,67,64,2
24,72,1,0,67,64,2
18,82,0,0,70,79,1
18,82,1,0,75,42,3
18,82,0,1,70,79,1
18,82,1,1,75,42,3
18,82,0,2,70,79,1
18,82,1,2,75,42,3
24,61,0,2,80,74,1
24,61,0,2,79,47,3
24,61,1,2,92,90,0
24,61,0,1,80,74,1
24,61,0,1,79,47,3
24,61,1,1,92,90,0
27,63,1,1,85,56,2
27,63,1,0,85,56,2
26,89,1,0,67,74,1
26,89,1,0,80,62,2
26,89,1,0,76,75,1
26,89,1,2,67,74,1
26,89,1,2,80,62,2
26,89,1,2,76,75,1
27,64,1,1,53,41,3
27,64,1,1,99,91,0
27,64,1,2,53,41,3
27,64,1,2,99,91,0
21,93,1,1,54,66,2
21,93,0,1,95,53,3
21,93,1,0,54,66,2
21,93,0,0,95,53,3
15,69,1,1,66,46,3
15,69,1,1,80,81,1
15,69,0,1,86,74,1
15,69,1,1,73,93,0
15,69,1,1,65,46,3
15,69,0,1,51,82,1
15,69,1,2,66,46,3
15,69,1,2,80,81,1
15,69,0,2,86,74,1
15,69,1,2,73,93,0
15,69,1,2,65,46,3
15,69,0,2,51,82,1
15,69,1,0,66,46,3
15,69,1,0,80,81,1
15,69,0,0,86,74,1
15,69,1,0,73,93,0
15,69,1,0,65,46,3
15,69,0,0,51,82,1
18,82,0,0,75,75,1
18,82,0,1,75,75,1
18,82,0,2,75,75,1
20,82,0,1,75,64,2
20,82,0,0,75,64,2
28,83,0,1,76,86,0
28,83,1,1,64,98,0
12,95,1,2,91,54,3
12,95,1,2,90,60,2
12,95,1,1,91,54,3
12,95,1,1,90,60,2
24,92,0,0,78,49,3
24,92,0,0,97,52,3
24,92,0,0,81,87,0
24,92,0,1,78,49,3
24,92,0,1,97,52,3
24,92,0,1,81,87,0
24,92,0,2,78,49,3
24,92,0,2,97,52,3
24,92,0,2,81,87,0
33,64,1,1,90,87,0
33,64,0,1,77,83,1
18,71,1,0,63,63,2
18,71,0,0,68,79,1
18,71,1,1,63,63,2
18,71,0,1,68,79,1
19,90,1,2,100,72,1
19,90,1,2,58,76,1
19,90,1,1,100,72,1
19,90,1,1,58,76,1
19,90,1,0,100,72,1
19,90,1,0,58,76,1
24,70,0,1,69,75,1
24,70,0,0,69,75,1
24,70,0,2,69,75,1
17,67,1,2,79,68,2
17,67,1,1,79,68,2
14,74,0,2,89,61,2
14,74,1,2,73,63,2
14,74,0,0,89,61,2
14,74,1,0,73,63,2
16,75,0,1,81,75,1
16,75,1,1,54,88,0
16,75,0,1,76,51,3
16,75,0,2,81,75,1
16,75,1,2,54,88,0
16,75,0,2,76,51,3
27,82,1,0,93,79,1
27,82,0,0,61,68,2
27,82,0,0,90,44,3
27,82,1,0,83,62,2
11,64,1,0,53,82,1
11,64,1,0,83,69,2
11,64,0,0,97,82,1
11,64,1,2,53,82,1
11,64,1,2,83,69,2
11,64,0,2,97,82,1
11,64,1,1,53,82,1
11,64,1,1,83,69,2
11,64,0,1,97,82,1
29,86,0,1,79,71,1
29,86,1,1,86,62,2
29,86,1,1,87,99,0
29,86,1,1,87,66,2
29,86,1,1,72,84,1
29,86,1,1,84,45,3
29,86,0,0,79,71,1
29,86,1,0,86,62,2
29,86,1,0,87,99,0
29,86,1,0,87,66,2
29,86,1,0,72,84,1
29,86,1,0,84,45,3
31,95,0,1,61,44,3
7,77,1,1,82,41,3
7,77,0,1,74,70,1
23,67,1,0,69,93,0
23,67,1,0,55,100,0
23,67,0,0,85,90,0
23,67,1,1,69,93,0
23,67,1,1,55,100,0
23,67,0,1,85,90,0
23,67,1,2,69,93,0
23,67,1,2,55,100,0
23,67,0,2,85,90,0
17,98,0,2,80,92,0
17,98,1,2,76,84,1
17,98,0,1,80,92,0
17,98,1,1,76,84,1
17,98,0,0,80,92,0
17,98,1,0,76,84,1
14,90,0,1,91,63,2
14,90,0,1,62,66,2
24,78,0,0,50,52,3
24,78,0,2,50,52,3
31,75,0,0,98,41,3
31,75,1,0,94,48,3
16,99,1,2,96,57,2
16,99,1,2,93,64,2
16,99,1,2,81,73,1
16,99,1,1,96,57,2
16,99,1,1,93,64,2
16,99,1,1,81,73,1
19,87,1,0,77,79,1
19,87,1,0,88,94,0
19,87,1,1,77,79,1
19,87,1,1,88,94,0
22,82,0,1,89,44,3
22,82,1,1,59,91,0
22,82,0,2,89,44,3
22,82,1,2,59,91,0
22,82,0,0,89,44,3
22,82,1,0,59,91,0
12,94,1,0,79,81,1
12,94,1,1,79,81,1
29,90,0,1,99,61,2
29,90,1,1,55,62,2
29,90,0,0,99,61,2
29,90,1,0,55,62,2
22,90,1,2,92,46,3
22,90,0,2,69,55,2
22,90,1,2,98,75,1
22,90,1,2,92,52,3
22,90,1,0,92,46,3
22,90,0,0,69,55,2
22,90,1,0,98,75,1
22,90,1,0,92,52,3
22,90,1,1,92,46,3
22,90,0,1,69,55,2
22,90,1,1,98,75,1
22,90,1,1,92,52,3
23,94,1,1,84,63,2
23,94,1,2,84,63,2
28,74,1,1,94,78,1
28,74,1,1,85,91,0
28,74,0,1,94,45,3
28,74,1,2,94,78,1
28,74,1,2,85,91,0
28,74,0,2,94,45,3
19,63,1,1,55,67,2
19,63,1,1,70,44,3
19,63,0,1,54,86,0
19,63,0,1,65,54,3
19,63,1,0,55,67,2
19,63,1,0,70,44,3
19,63,0,0,54,86,0
19,63,0,0,65,54,3
16,93,0,1,64,40,3
16,93,0,0,64,40,3
16,93,0,2,64,40,3
31,67,1,2,83,61,2
11,87,0,2,82,86,0
11,87,0,2,100,50,3
21,81,1,1,64,98,0
21,81,1,1,95,82,1
21,81,1,1,74,84,1
21,81,1,2,64,98,0
21,81,1,2,95,82,1
21,81,1,2,74,84,1
16,68,1,2,61,60,2
16,68,1,1,61,60,2
9,80,1,0,75,78,1
9,80,0,0,100,81,1
9,80,0,0,71,93,0
5,92,1,1,54,44,3
10,92,0,0,76,56,2
10,92,0,2,76,56,2
25,83,1,1,93,56,2
25,83,1,0,93,56,2
25,83,1,2,93,56,2
25,91,0,1,92,88,0
25,91,0,1,59,67,2
25,91,1,1,66,62,2
25,91,0,0,92,88,0
25,91,0,0,59,67,2
25,91,1,0,66,62,2
23,68,1,1,77,95,0
23,68,1,0,77,95,0
29,88,1,0,59,54,3
25,76,1,0,73,90,0
25,76,1,1,73,90,0
25,76,1,2,73,90,0
8,72,0,1,72,85,0
8,72,1,1,68,54,3
8,72,1,1,60,43,3
8,72,0,1,90,79,1
8,72,1,1,81,98,0
19,83,0,2,66,86,0
19,83,1,2,91,78,1
19,83,0,1,66,86,0
19,83,1,1,91,78,1
18,95,0,1,76,94,0
18,95,1,1,63,51,3
18,95,1,1,66,53,3
18,95,0,0,76,94,0
18,95,1,0,63,51,3
18,95,1,0,66,53,3
18,95,0,2,76,94,0
18,95,1,2,63,51,3
18,95,1,2,66,53,3
31,96,0,0,73,77,1
31,96,1,0,59,69,2
31,96,0,2,73,77,1
31,96,1,2,59,69,2
31,96,0,1,73,77,1
31,96,1,1,59,69,2
28,98,1,1,87,64,2
26,100,1,0,84,80,1
26,100,0,0,97,45,3
26,100,1,2,84,80,1
26,100,0,2,97,45,3
20,69,1,0,99,57,2
20,69,1,0,65,41,3
20,69,1,1,99,57,2
20,69,1,1,65,41,3
20,69,1,2,99,57,2
20,69,1,2,65,41,3
16,89,0,1,52,89,0
16,89,0,1,82,42,3
16,89,1,1,83,69,2
16,89,0,2,52,89,0
16,89,0,2,82,42,3
16,89,1,2,83,69,2
16,89,0,0,52,89,0
16,89,0,0,82,42,3
16,89,1,0,83,69,2
22,60,1,0,69,88,0
22,60,1,1,69,88,0
25,60,1,0,83,76,1
16,72,1,0,79,88,0
16,72,1,0,82,73,1
16,72,0,0,67,56,2
16,72,1,0,85,52,3
16,72,1,2,79,88,0
16,72,1,2,82,73,1
16,72,0,2,67,56,2
16,72,1,2,85,52,3
16,72,1,1,79,88,0
16,72,1,1,82,73,1
16,72,0,1,67,56,2
16,72,1,1,85,52,3
30,67,1,2,70,96,0
30,67,0,2,75,87,0
30,67,1,2,65,77,1
30,67,1,2,50,75,1
30,67,0,2,88,69,2
16,69,1,1,77,85,0
23,66,0,1,67,43,3
23,66,0,1,67,58,2
23,66,0,2,67,43,3
23,66,0,2,67,58,2
33,64,1,0,82,100,0
33,64,1,1,82,100,0
30,79,1,1,64,69,2
30,79,1,1,65,84,1
23,63,0,0,96,44,3
23,63,0,2,96,44,3
23,63,0,1,96,44,3
24,81,1,1,58,83,1
24,81,0,1,64,62,2
24,81,0,1,98,55,2
24,81,1,0,58,83,1
24,81,0,0,64,62,2
24,81,0,0,98,55,2
24,81,1,2,58,83,1
24,81,0,2,64,62,2
24,81,0,2,98,55,2
18,97,0,0,72,73,1
18,97,1,0,75,53,3
18,97,0,1,72,73,1
18,97,1,1,75,53,3
10,82,0,0,57,69,2
10,82,0,0,66,76,1
29,91,0,1,66,75,1
29,91,0,0,66,75,1
13,71,0,0,56,96,0
13,71,0,0,57,51,3
13,71,0,1,56,96,0
13,71,0,1,57,51,3
26,93,0,1,98,90,0
26,93,1,1,79,94,0
30,93,1,1,73,99,0
25,72,0,1,73,57,2
25,72,1,1,81,56,2
25,72,0,0,73,57,2
25,72,1,0,81,56,2
25,72,0,2,73,57,2
25,72,1,2,81,56,2
11,69,1,1,76,97,0
11,69,1,0,76,97,0
29,60,1,1,99,68,2
29,60,0,1,55,42,3
23,70,1,2,87,44,3
23,70,0,2,72,90,0
23,70,1,1,87,44,3
23,70,0,1,72,90,0
23,70,1,0,87,44,3
23,70,0,0,72,90,0
22,75,1,1,89,89,0
22,75,1,2,89,89,0
16,62,0,2,56,52,3
16,62,1,2,63,56,2
16,62,0,1,56,52,3
16,62,1,1,63,56,2
16,62,0,0,56,52,3
16,62,1,0,63,56,2
20,99,1,1,62,90,0
20,99,1,1,61,97,0
20,99,1,0,62,90,0
20,99,1,0,61,97,0
27,89,1,1,74,96,0
27,89,0,1,97,51,3
23,73,1,1,96,86,0
23,73,0,1,96,82,1
23,73,1,1,58,93,0
23,73,1,1,92,65,2
23,73,1,0,96,86,0
23,73,0,0,96,82,1
23,73,1,0,58,93,0
23,73,1,0,92,65,2
23,73,1,2,96,86,0
23,73,0,2,96,82,1
23,73,1,2,58,93,0
23,73,1,2,92,65,2
25,78,0,1,86,68,2
25,78,1,1,86,74,1
27,95,0,0,99,95,0
27,95,1,0,62,58,2
27,95,1,0,77,84,1
27,95,0,0,66,72,1
20,87,1,1,57,52,3
20,87,1,0,57,52,3
20,87,1,2,57,52,3
12,79,1,1,69,83,1
12,79,1,1,94,50,3
12,79,1,0,69,83,1
12,79,1,0,94,50,3
11,97,1,0,75,62,2
11,97,1,0,52,83,1
11,97,0,0,85,73,1
11,97,1,0,62,80,1
11,97,1,1,75,62,2
11,97,1,1,52,83,1
11,97,0,1,85,73,1
11,97,1,1,62,80,1
11,97,1,2,75,62,2
11,97,1,2,52,83,1
11,97,0,2,85,73,1
11,97,1,2,62,80,1
29,80,1,2,52,51,3
29,80,0,2,69,89,0
18,88,1,0,89,90,0
18,88,1,0,96,45,3
18,88,1,1,89,90,0
18,88,1,1,96,45,3
23,93,1,2,56,66,2
23,93,1,1,56,66,2
23,93,1,0,56,66,2
26,99,0,2,65,68,2
26,99,1,2,93,77,1
21,95,0,1,53,90,0
21,95,0,1,60,88,0
18,71,0,1,83,56,2
18,71,0,1,67,54,3
18,71,0,2,83,56,2
18,71,0,2,67,54,3
18,71,0,0,83,56,2
18,71,0,0,67,54,3
20,64,0,1,82,45,3
20,64,0,2,82,45,3
24,85,1,1,95,47,3
24,85,1,1,100,64,2
24,85,1,2,95,47,3
24,85,1,2,100,64,2
24,85,1,0,95,47,3
24,85,1,0,100,64,2
20,85,1,1,89,95,0
20,85,1,1,84,42,3
8,67,1,0,68,55,2
8,67,1,0,72,44,3
25,64,1,0,87,46,3
25,64,1,0,94,84,1
25,64,0,0,85,63,2
25,64,0,0,98,88,0
25,64,1,0,58,55,2
25,64,0,0,60,99,0
25,64,1,0,71,40,3
33,74,1,1,87,52,3
24,80,1,1,98,50,3
24,80,0,1,51,43,3
24,80,1,1,96,59,2
24,80,0,1,71,96,0
24,80,0,1,88,84,1
24,80,1,2,98,50,3
24,80,0,2,51,43,3
24,80,1,2,96,59,2
24,80,0,2,71,96,0
24,80,0,2,88,84,1
24,80,1,0,98,50,3
24,80,0,0,51,43,3
24,80,1,0,96,59,2
24,80,0,0,71,96,0
24,80,0,0,88,84,1
14,77,0,1,68,92,0
14,77,1,1,77,97,0
14,77,1,1,67,69,2
14,77,0,0,68,92,0
14,77,1,0,77,97,0
14,77,1,0,67,69,2
16,98,1,1,79,59,2
16,98,0,1,63,43,3
16,98,0,1,73,80,1
16,98,0,1,65,67,2
16,98,1,1,84,99,0
16,98,1,0,79,59,2
16,98,0,0,63,43,3
16,98,0,0,73,80,1
16,98,0,0,65,67,2
16,98,1,0,84,99,0
31,69,0,1,55,85,0
31,69,0,1,98,64,2
31,69,0,0,55,85,0
31,69,0,0,98,64,2
19,81,0,0,85,57,2
19,81,1,0,76,74,1
19,81,0,1,85,57,2
19,81,1,1,76,74,1
21,89,0,0,86,40,3
21,89,0,1,86,40,3
23,97,0,1,86,77,1
23,97,0,1,55,76,1
23,97,0,1,60,99,0
23,97,0,0,86,77,1
23,97,0,0,55,76,1
23,97,0,0,60,99,0
23,97,0,2,86,77,1
23,97,0,2,55,76,1
23,97,0,2,60,99,0
21,75,1,0,100,55,2
21,75,1,0,56,56,2
21,75,1,0,86,56,2
21,75,0,0,69,49,3
21,75,1,0,50,90,0
21,75,1,1,100,55,2
21,75,1,1,56,56,2
21,75,1,1,86,56,2
21,75,0,1,69,49,3
21,75,1,1,50,90,0
21,75,1,2,100,55,2
21,75,1,2,56,56,2
21,75,1,2,86,56,2
21,75,0,2,69,49,3
21,75,1,2,50,90,0
34,64,0,2,85,74,1
21,72,1,0,94,61,2
21,72,0,0,84,89,0
26,66,1,1,66,47,3
26,66,0,1,57,88,0
26,66,0,1,90,83,1
26,66,1,2,66,47,3
26,66,0,2,57,88,0
26,66,0,2,90,83,1
27,82,0,0,55,88,0
27,82,1,0,69,44,3
27,82,1,0,73,47,3
27,82,0,0,62,56,2
27,82,0,2,55,88,0
27,82,1,2,69,44,3
27,82,1,2,73,47,3
27,82,0,2,62,56,2
27,82,0,1,55,88,0
27,82,1,1,69,44,3
27,82,1,1,73,47,3
27,82,0,1,62,56,2
27,81,1,1,95,99,0
27,81,1,1,59,98,0
27,81,0,1,89,94,0
27,81,1,0,95,99,0
27,81,1,0,59,98,0
27,81,0,0,89,94,0
13,88,1,0,95,82,1
13,88,1,1,95,82,1
13,88,1,2,95,82,1
30,85,1,0,76,83,1
30,85,1,0,57,72,1
30,85,1,0,72,73,1
30,85,1,0,99,92,0
30,85,1,0,53,52,3
30,85,1,2,76,83,1
30,85,1,2,57,72,1
30,85,1,2,72,73,1
30,85,1,2,99,92,0
30,85,1,2,53,52,3
30,85,1,1,76,83,1
30,85,1,1,57,72,1
30,85,1,1,72,73,1
30,85,1,1,99,92,0
30,85,1,1,53,52,3
13,68,0,1,78,60,2
13,68,0,1,88,54,3
13,68,0,1,93,90,0
30,98,1,2,60,44,3
30,98,1,1,60,44,3
23,87,1,1,62,66,2
23,87,1,1,81,53,3
23,87,1,0,62,66,2
23,87,1,0,81,53,3
23,87,1,2,62,66,2
23,87,1,2,81,53,3
26,78,0,0,53,73,1
26,78,1,0,65,48,3
26,78,0,0,59,71,1
26,78,0,0,78,66,2
26,78,0,1,53,73,1
26,78,1,1,65,48,3
26,78,0,1,59,71,1
26,78,0,1,78,66,2
27,96,0,0,89,46,3
27,96,0,1,89,46,3
13,64,1,1,72,92,0
13,64,1,0,72,92,0
13,64,1,2,72,92,0
18,63,1,1,85,87,0
18,63,1,1,93,54,3
18,63,1,0,85,87,0
18,63,1,0,93,54,3
28,97,1,0,98,71,1
19,75,0,2,57,45,3
19,75,0,2,57,48,3
19,75,0,0,57,45,3
19,75,0,0,57,48,3
20,78,1,0,93,67,2
20,78,1,0,51,57,2
20,78,0,0,51,88,0
20,78,1,1,93,67,2
20,78,1,1,51,57,2
20,78,0,1,51,88,0
20,78,1,2,93,67,2
20,78,1,2,51,57,2
20,78,0,2,51,88,0
13,85,1,1,75,82,1
13,85,1,1,75,53,3
13,85,1,2,75,82,1
13,85,1,2,75,53,3
30,61,1,0,75,63,2
14,67,1,0,89,73,1
14,67,0,0,91,77,1
14,67,1,0,78,77,1
14,67,1,0,75,86,0
14,67,1,0,78,82,1
14,67,1,1,89,73,1
14,67,0,1,91,77,1
14,67,1,1,78,77,1
14,67,1,1,75,86,0
14,67,1,1,78,82,1
7,74,1,2,61,52,3
16,74,1,2,72,93,0
16,74,1,2,59,46,3
16,74,1,0,72,93,0
16,74,1,0,59,46,3
16,74,1,1,72,93,0
16,74,1,1,59,46,3
12,79,0,1,50,67,2
12,79,0,2,50,67,2
12,79,0,0,50,67,2
30,73,0,1,64,94,0
30,73,1,1,65,91,0
30,73,1,1,65,79,1
30,73,1,1,74,89,0
30,73,1,1,89,73,1
30,73,0,0,64,94,0
30,73,1,0,65,91,0
30,73,1,0,65,79,1
30,73,1,0,74,89,0
30,73,1,0,89,73,1
26,64,1,0,52,87,0
26,64,1,0,53,84,1
26,64,1,2,52,87,0
26,64,1,2,53,84,1
26,64,1,1,52,87,0
26,64,1,1,53,84,1
16,66,0,0,57,70,1
16,66,0,0,82,81,1
16,66,1,0,66,64,2
16,66,0,1,57,70,1
16,66,0,1,82,81,1
16,66,1,1,66,64,2
16,66,0,2,57,70,1
16,66,0,2,82,81,1
16,66,1,2,66,64,2
34,61,1,1,97,80,1
34,61,0,1,53,60,2
34,61,1,1,69,52,3
34,61,1,1,51,64,2
34,61,1,2,97,80,1
34,61,0,2,53,60,2
34,61,1,2,69,52,3
34,61,1,2,51,64,2
26,79,1,1,93,47,3
26,79,1,1,90,75,1
26,79,0,1,89,76,1
26,79,0,1,55,83,1
26,79,1,0,93,47,3
26,79,1,0,90,75,1
26,79,0,0,89,76,1
26,79,0,0,55,83,1
18,98,1,1,72,48,3
18,98,1,0,72,48,3
5,65,0,0,62,100,0
5,65,1,0,55,83,1
5,65,1,0,90,40,3
5,65,0,1,62,100,0
5,65,1,1,55,83,1
5,65,1,1,90,40,3
34,98,1,1,64,44,3
34,98,1,1,53,48,3
34,98,1,1,82,50,3
12,89,0,1,65,42,3
12,89,1,1,93,92,0
12,89,1,1,88,96,0
12,89,0,1,58,41,3
12,89,1,1,55,83,1
12,89,0,0,65,42,3
12,89,1,0,93,92,0
12,89,1,0,88,96,0
12,89,0,0,58,41,3
12,89,1,0,55,83,1
10,85,1,0,59,68,2
10,85,1,2,59,68,2
26,86,1,1,91,91,0
26,86,1,0,91,91,0
35,93,0,1,88,84,1
35,93,1,1,62,96,0
28,64,1,0,80,79,1
28,64,1,0,100,64,2
28,64,0,0,63,60,2
28,64,1,1,80,79,1
28,64,1,1,100,64,2
28,64,0,1,63,60,2
24,88,1,0,96,61,2
24,88,0,0,66,99,0
24,88,1,0,62,45,3
24,88,1,0,61,65,2
24,88,1,1,96,61,2
24,88,0,1,66,99,0
24,88,1,1,62,45,3
24,88,1,1,61,65,2
15,75,0,2,56,87,0
15,75,0,0,56,87,0
15,75,0,1,56,87,0
18,74,1,2,84,60,2
18,74,1,2,77,55,2
18,74,0,2,53,82,1
18,74,0,2,85,53,3
18,74,0,2,52,48,3
18,74,1,1,84,60,2
18,74,1,1,77,55,2
18,74,0,1,53,82,1
18,74,0,1,85,53,3
18,74,0,1,52,48,3
10,85,1,0,55,85,0
10,85,1,1,55,85,0
26,62,1,1,70,53,3
26,62,1,1,82,97,0
11,62,1,2,58,73,1
11,62,0,2,80,53,3
11,62,0,2,50,46,3
11,62,0,2,86,45,3
14,75,1,0,88,68,2
14,75,1,1,88,68,2
26,73,1,2,92,41,3
26,73,0,2,89,86,0
26,73,1,0,92,41,3
26,73,0,0,89,86,0
26,73,1,1,92,41,3
26,73,0,1,89,86,0
19,90,1,0,64,74,1
19,90,1,1,64,74,1
19,90,1,2,64,74,1
23,62,1,2,84,83,1
23,62,1,2,72,45,3
23,62,1,1,84,83,1
23,62,1,1,72,45,3
23,62,1,0,84,83,1
23,62,1,0,72,45,3
14,69,1,2,97,63,2
14,69,0,2,61,49,3
14,69,1,0,97,63,2
14,69,0,0,61,49,3
14,69,1,1,97,63,2
14,69,0,1,61,49,3
22,65,1,2,66,69,2
22,65,1,2,86,48,3
22,65,1,1,66,69,2
22,65,1,1,86,48,3
22,65,1,0,66,69,2
22,65,1,0,86,48,3
10,98,1,1,83,89,0
10,98,0,1,50,100,0
10,98,0,1,71,87,0
10,98,1,1,81,42,3
10,98,0,1,95,61,2
10,98,1,0,83,89,0
10,98,0,0,50,100,0
10,98,0,0,71,87,0
10,98,1,0,81,42,3
10,98,0,0,95,61,2
20,67,1,2,72,43,3
20,67,1,2,81,63,2
20,67,1,2,91,69,2
20,67,0,2,86,57,2
20,67,1,0,72,43,3
20,67,1,0,81,63,2
20,67,1,0,91,69,2
20,67,0,0,86,57,2
23,76,1,2,54,66,2
23,76,1,2,61,71,1
23,76,1,1,54,66,2
23,76,1,1,61,71,1
23,76,1,0,54,66,2
23,76,1,0,61,71,1
28,92,0,1,66,69,2
28,92,0,1,61,59,2
28,92,0,0,66,69,2
28,92,0,0,61,59,2
21,90,1,2,99,41,3
21,90,1,0,99,41,3
21,90,1,1,99,41,3
20,75,0,1,72,55,2
20,75,0,1,90,96,0
20,75,0,2,72,55,2
20,75,0,2,90,96,0
16,80,1,0,89,98,0
16,80,1,0,94,89,0
16,80,1,0,59,52,3
12,70,1,1,95,40,3
12,70,1,1,56,47,3
12,70,1,0,95,40,3
12,70,1,0,56,47,3
12,70,1,2,95,40,3
12,70,1,2,56,47,3
30,76,0,0,50,94,0
30,76,0,0,68,95,0
30,76,1,0,61,40,3
30,76,1,0,51,90,0
30,76,0,0,51,59,2
30,76,1,0,91,98,0
13,61,1,0,99,72,1
13,61,0,0,55,69,2
13,61,1,2,99,72,1
13,61,0,2,55,69,2
13,61,1,1,99,72,1
13,61,0,1,55,69,2
25,62,1,0,79,77,1
25,62,0,0,56,74,1
25,62,1,0,69,78,1
25,62,1,1,79,77,1
25,62,0,1,56,74,1
25,62,1,1,69,78,1
25,62,1,2,79,77,1
25,62,0,2,56,74,1
25,62,1,2,69,78,1
18,86,0,0,59,64,2
18,86,0,0,62,84,1
18,86,0,1,59,64,2
18,86,0,1,62,84,1
18,86,0,2,59,64,2
18,86,0,2,62,84,1
27,91,0,1,63,62,2
27,91,0,1,98,97,0
27,91,0,0,63,62,2
27,91,0,0,98,97,0
22,80,0,0,100,92,0
22,80,1,0,86,74,1
22,80,0,1,100,92,0
22,80,1,1,86,74,1
22,80,0,2,100,92,0
22,80,1,2,86,74,1
15,68,1,0,69,66,2
15,68,0,0,72,84,1
15,68,1,0,97,89,0
15,68,1,0,98,92,0
15,68,1,0,71,89,0
15,68,1,1,69,66,2
15,68,0,1,72,84,1
15,68,1,1,97,89,0
15,68,1,1,98,92,0
15,68,1,1,71,89,0
15,68,1,2,69,66,2
15,68,0,2,72,84,1
15,68,1,2,97,89,0
15,68,1,2,98,92,0
15,68,1,2,71,89,0
33,89,1,1,65,57,2
20,88,1,0,98,65,2
20,88,1,0,97,78,1
20,88,1,0,73,62,2
20,88,1,1,98,65,2
20,88,1,1,97,78,1
20,88,1,1,73,62,2
19,98,1,1,86,100,0
19,98,1,1,89,49,3
19,98,0,1,61,50,3
19,98,1,1,74,65,2
19,98,1,2,86,100,0
19,98,1,2,89,49,3
19,98,0,2,61,50,3
19,98,1,2,74,65,2
33,68,1,1,59,61,2
33,68,1,1,79,41,3
33,68,0,1,51,76,1
33,68,1,1,94,62,2
12,63,0,0,54,68,2
12,63,1,0,75,71,1
19,76,1,1,63,80,1
19,76,1,1,51,61,2
19,76,1,0,63,80,1
19,76,1,0,51,61,2
35,90,1,0,55,93,0
35,90,1,0,89,92,0
35,90,1,0,78,72,1
15,75,0,2,87,48,3
15,75,1,2,85,77,1
15,75,0,2,91,41,3
15,75,0,1,87,48,3
15,75,1,1,85,77,1
15,75,0,1,91,41,3
30,73,0,1,65,87,0
30,84,0,0,84,61,2
30,84,1,0,55,60,2
30,84,1,0,98,87,0
30,84,1,0,65,84,1
30,84,0,0,82,87,0
30,84,0,0,88,90,0
30,84,0,1,84,61,2
30,84,1,1,55,60,2
30,84,1,1,98,87,0
30,84,1,1,65,84,1
30,84,0,1,82,87,0
30,84,0,1,88,90,0
17,95,1,1,66,94,0
17,95,0,1,74,81,1
17,95,0,1,71,88,0
17,95,1,0,66,94,0
17,95,0,0,74,81,1
17,95,0,0,71,88,0
23,62,0,1,58,98,0
23,62,1,1,93,91,0
23,62,0,0,58,98,0
23,62,1,0,93,91,0
23,62,0,2,58,98,0
23,62,1,2,93,91,0
18,66,1,1,58,83,1
18,66,0,1,83,42,3
18,66,0,1,66,49,3
18,66,0,1,82,83,1
17,64,1,1,66,86,0
17,64,1,1,84,54,3
17,64,1,0,66,86,0
17,64,1,0,84,54,3
15,61,0,1,100,85,0
15,61,0,2,100,85,0
22,79,0,0,67,99,0
22,79,1,0,73,47,3
22,79,1,0,86,47,3
22,79,0,0,94,78,1
22,79,1,0,62,73,1
22,79,0,0,99,72,1
22,79,1,0,52,80,1
22,79,1,0,88,94,0
22,79,1,0,65,81,1
22,79,0,1,67,99,0
22,79,1,1,73,47,3
22,79,1,1,86,47,3
22,79,0,1,94,78,1
22,79,1,1,62,73,1
22,79,0,1,99,72,1
22,79,1,1,52,80,1
22,79,1,1,88,94,0
22,79,1,1,65,81,1
8,73,1,2,75,93,0
8,73,1,1,75,93,0
8,73,1,0,75,93,0
27,75,0,2,88,84,1
27,75,0,1,88,84,1
13,87,1,0,83,85,0
13,87,1,0,80,65,2
30,91,1,2,83,43,3
20,68,1,2,61,42,3
20,68,1,2,88,79,1
20,68,0,2,67,95,0
20,68,0,2,93,44,3
20,68,1,2,84,97,0
20,68,1,0,61,42,3
20,68,1,0,88,79,1
20,68,0,0,67,95,0
20,68,0,0,93,44,3
20,68,1,0,84,97,0
20,68,1,1,61,42,3
20,68,1,1,88,79,1
20,68,0,1,67,95,0
20,68,0,1,93,44,3
20,68,1,1,84,97,0
21,81,1,1,68,70,1
21,81,1,2,68,70,1
12,83,0,1,71,58,2
12,83,0,0,71,58,2
15,68,1,2,73,46,3
15,68,1,1,73,46,3
16,86,1,1,60,89,0
16,86,0,1,89,41,3
16,86,1,1,54,84,1
16,86,1,0,60,89,0
16,86,0,0,89,41,3
16,86,1,0,54,84,1
24,70,0,1,73,79,1
24,70,0,2,73,79,1
24,70,0,0,73,79,1
18,62,1,2,67,70,1
18,62,0,2,88,50,3
18,62,1,1,67,70,1
18,62,0,1,88,50,3
18,62,1,0,67,70,1
18,62,0,0,88,50,3
27,72,0,1,71,89,0
27,72,1,1,78,54,3
34,62,1,0,81,88,0
22,69,0,1,76,85,0
22,69,1,1,93,98,0
22,69,1,1,65,56,2
22,69,0,0,76,85,0
22,69,1,0,93,98,0
22,69,1,0,65,56,2
22,69,0,2,76,85,0
22,69,1,2,93,98,0
22,69,1,2,65,56,2
26,66,1,1,90,63,2
26,66,0,1,97,84,1
9,98,1,1,89,55,2
9,98,1,1,68,65,2
9,98,0,1,67,65,2
9,98,1,0,89,55,2
9,98,1,0,68,65,2
9,98,0,0,67,65,2
13,80,0,2,82,75,1
13,80,0,2,67,62,2
13,80,1,2,56,52,3
13,80,1,2,84,46,3
13,80,0,2,82,44,3
13,80,1,2,98,79,1
13,80,0,1,82,75,1
13,80,0,1,67,62,2
13,80,1,1,56,52,3
13,80,1,1,84,46,3
13,80,0,1,82,44,3
13,80,1,1,98,79,1
7,73,0,1,69,68,2
7,73,1,1,92,40,3
7,73,1,1,88,99,0
7,73,1,1,65,58,2
7,73,1,1,60,76,1
35,61,1,0,80,47,3
35,61,0,0,61,56,2
25,93,1,0,50,82,1
25,93,0,0,72,71,1
25,93,1,2,50,82,1
25,93,0,2,72,71,1
25,93,1,1,50,82,1
25,93,0,1,72,71,1
26,71,1,1,62,64,2
26,71,0,1,55,71,1
26,71,1,1,61,89,0
26,71,1,1,50,72,1
26,71,0,1,97,47,3
26,71,1,1,60,90,0
26,71,0,1,57,100,0
26,71,1,0,62,64,2
26,71,0,0,55,71,1
26,71,1,0,61,89,0
26,71,1,0,50,72,1
26,71,0,0,97,47,3
26,71,1,0,60,90,0
26,71,0,0,57,100,0
22,93,1,0,92,43,3
22,93,1,2,92,43,3
22,93,1,1,92,43,3
16,99,1,0,55,57,2
16,99,1,2,55,57,2
16,99,1,1,55,57,2
15,82,1,1,97,55,2
15,82,1,1,80,51,3
15,82,1,1,67,90,0
15,82,0,1,75,90,0
15,82,1,1,81,49,3
15,82,1,2,97,55,2
15,82,1,2,80,51,3
15,82,1,2,67,90,0
15,82,0,2,75,90,0
15,82,1,2,81,49,3
23,92,1,2,80,55,2
23,92,1,0,80,55,2
23,92,1,1,80,55,2
20,91,1,1,59,84,1
20,91,1,0,59,84,1
20,91,1,2,59,84,1
16,74,0,0,61,66,2
16,74,1,0,82,68,2
16,74,0,1,61,66,2
16,74,1,1,82,68,2
19,82,1,1,64,59,2
19,82,1,1,86,76,1
19,82,0,1,99,62,2
19,82,1,1,68,90,0
19,82,1,0,64,59,2
19,82,1,0,86,76,1
19,82,0,0,99,62,2
19,82,1,0,68,90,0
23,69,0,2,67,53,3
23,69,0,2,86,40,3
8,80,1,2,67,43,3
19,71,0,2,67,66,2
19,71,1,2,68,57,2
19,71,1,2,73,77,1
19,71,0,1,67,66,2
19,71,1,1,68,57,2
19,71,1,1,73,77,1
19,71,0,0,67,66,2
19,71,1,0,68,57,2
19,71,1,0,73,77,1
13,67,0,2,78,62,2
13,67,1,2,77,52,3
13,67,0,2,50,54,3
13,67,0,1,78,62,2
13,67,1,1,77,52,3
13,67,0,1,50,54,3
16,93,1,1,84,46,3
16,93,1,0,84,46,3
18,68,1,2,80,80,1
18,68,0,2,55,79,1
18,68,1,1,80,80,1
18,68,0,1,55,79,1
18,67,1,1,57,79,1
18,67,1,1,62,85,0
18,67,1,1,61,76,1
18,67,1,0,57,79,1
18,67,1,0,62,85,0
18,67,1,0,61,76,1
21,66,0,0,68,72,1
21,66,0,1,68,72,1
26,90,1,0,62,81,1
26,90,0,0,63,97,0
26,90,0,0,67,55,2
26,90,1,0,88,94,0
26,90,1,0,80,62,2
26,90,1,1,62,81,1
26,90,0,1,63,97,0
26,90,0,1,67,55,2
26,90,1,1,88,94,0
26,90,1,1,80,62,2
26,90,1,2,62,81,1
26,90,0,2,63,97,0
26,90,0,2,67,55,2
26,90,1,2,88,94,0
26,90,1,2,80,62,2
11,84,1,2,75,43,3
11,84,1,0,75,43,3
5,87,1,1,77,59,2
19,86,1,0,56,70,1
19,86,1,2,56,70,1
19,86,1,1,56,70,1
13,60,0,1,71,92,0
13,60,0,0,71,92,0
13,60,0,2,71,92,0
9,61,0,0,70,83,1
9,61,0,1,70,83,1
17,71,0,0,55,46,3
17,71,0,0,72,44,3
17,71,1,0,58,69,2
17,71,0,1,55,46,3
17,71,0,1,72,44,3
17,71,1,1,58,69,2
11,61,1,2,80,55,2
11,61,1,2,53,46,3
11,61,0,2,72,84,1
20,74,1,0,59,53,3
20,74,1,0,96,88,0
20,74,1,2,59,53,3
20,74,1,2,96,88,0
20,74,1,1,59,53,3
20,74,1,1,96,88,0
23,64,0,1,86,95,0
23,64,0,1,64,75,1
23,64,0,2,86,95,0
23,64,0,2,64,75,1
23,64,0,0,86,95,0
23,64,0,0,64,75,1
21,80,1,1,50,75,1
21,80,1,1,96,87,0
21,80,1,1,64,88,0
21,80,1,0,50,75,1
21,80,1,0,96,87,0
21,80,1,0,64,88,0
14,91,0,1,86,79,1
27,69,0,1,77,87,0
27,69,0,0,77,87,0
14,100,1,0,79,56,2
14,100,1,0,73,72,1
30,66,1,0,55,63,2
26,90,1,0,73,47,3
26,90,1,1,73,47,3
16,77,1,0,95,51,3
16,77,1,1,95,51,3
24,92,1,2,82,87,0
24,92,0,2,70,96,0
24,92,1,1,82,87,0
24,92,0,1,70,96,0
24,92,1,0,82,87,0
24,92,0,0,70,96,0
28,82,1,1,80,67,2
28,82,1,1,93,82,1
28,82,1,1,51,99,0
28,82,1,0,80,67,2
28,82,1,0,93,82,1
28,82,1,0,51,99,0
29,100,0,1,87,56,2
29,100,1,1,90,69,2
15,85,1,2,76,67,2
15,85,1,2,60,46,3
15,85,0,2,54,82,1
15,85,1,1,76,67,2
15,85,1,1,60,46,3
15,85,0,1,54,82,1
32,88,1,0,70,63,2
32,88,1,0,88,45,3
27,80,0,2,84,52,3
27,80,0,1,84,52,3
27,80,0,0,84,52,3
14,70,1,0,97,76,1
14,70,0,0,67,66,2
14,70,1,0,81,93,0
14,70,1,0,73,97,0
14,70,1,2,97,76,1
14,70,0,2,67,66,2
14,70,1,2,81,93,0
14,70,1,2,73,97,0
27,61,1,1,100,86,0
26,81,0,0,56,58,2
26,81,1,0,77,50,3
26,81,0,0,50,86,0
26,81,1,0,100,72,1
26,81,0,1,56,58,2
26,81,1,1,77,50,3
26,81,0,1,50,86,0
26,81,1,1,100,72,1
26,81,0,2,56,58,2
26,81,1,2,77,50,3
26,81,0,2,50,86,0
26,81,1,2,100,72,1
11,97,0,0,51,46,3
11,97,0,1,51,46,3
18,77,0,1,80,56,2
18,77,0,1,73,41,3
18,77,0,1,70,95,0
18,77,0,2,80,56,2
18,77,0,2,73,41,3
18,77,0,2,70,95,0
18,77,0,0,80,56,2
18,77,0,0,73,41,3
18,77,0,0,70,95,0
28,91,0,0,61,71,1
28,91,1,0,86,55,2
28,91,0,2,61,71,1
28,91,1,2,86,55,2
28,91,0,1,61,71,1
28,91,1,1,86,55,2
23,65,0,0,94,42,3
23,65,1,0,90,82,1
23,65,0,1,94,42,3
23,65,1,1,90,82,1
33,87,1,0,81,64,2
33,87,1,0,52,76,1
33,87,0,0,74,82,1
33,87,0,0,82,100,0
26,92,0,1,56,62,2
26,92,0,1,60,90,0
26,92,0,1,58,76,1
26,92,0,1,76,41,3
29,99,0,2,90,78,1
29,99,1,2,96,85,0
29,99,0,0,90,78,1
29,99,1,0,96,85,0
26,93,1,0,76,90,0
26,93,1,0,97,89,0
26,93,0,0,78,78,1
26,93,1,1,76,90,0
26,93,1,1,97,89,0
26,93,0,1,78,78,1
18,70,1,1,96,40,3
18,70,1,1,90,69,2
18,70,0,1,63,50,3
15,91,1,0,90,81,1
15,91,0,0,91,88,0
15,91,1,1,90,81,1
15,91,0,1,91,88,0
15,91,1,2,90,81,1
15,91,0,2,91,88,0
8,88,1,2,64,64,2
32,84,0,1,88,59,2
19,75,0,0,54,60,2
19,75,0,0,87,51,3
19,75,1,0,86,90,0
19,75,0,2,54,60,2
19,75,0,2,87,51,3
19,75,1,2,86,90,0
19,75,0,1,54,60,2
19,75,0,1,87,51,3
19,75,1,1,86,90,0
22,85,1,2,63,86,0
22,85,0,2,52,69,2
22,85,1,0,63,86,0
22,85,0,0,52,69,2
22,85,1,1,63,86,0
22,85,0,1,52,69,2
25,87,1,0,97,94,0
25,87,1,0,51,74,1
25,87,1,1,97,94,0
25,87,1,1,51,74,1
22,92,0,0,91,71,1
27,96,1,0,56,55,2
27,96,1,0,53,88,0
27,96,1,0,84,86,0
27,96,1,1,56,55,2
27,96,1,1,53,88,0
27,96,1,1,84,86,0
21,67,0,2,100,47,3
21,67,0,2,67,50,3
21,67,0,1,100,47,3
21,67,0,1,67,50,3
30,100,1,0,99,82,1
30,100,1,0,72,61,2
30,100,1,0,91,68,2
30,100,1,1,99,82,1
30,100,1,1,72,61,2
30,100,1,1,91,68,2
36,88,0,2,85,83,1
36,88,0,2,73,88,0
36,88,0,2,72,45,3
36,88,0,2,77,57,2
36,88,0,2,71,69,2
23,65,1,1,75,96,0
23,65,1,1,95,73,1
23,65,1,1,77,42,3
23,65,1,0,75,96,0
23,65,1,0,95,73,1
23,65,1,0,77,42,3
23,65,1,2,75,96,0
23,65,1,2,95,73,1
23,65,1,2,77,42,3
9,76,0,1,86,97,0
9,76,1,1,95,61,2
9,76,0,0,86,97,0
9,76,1,0,95,61,2
25,94,0,0,51,50,3
25,94,0,2,51,50,3
25,94,0,1,51,50,3
28,84,1,1,90,62,2
19,86,1,1,96,58,2
19,86,1,1,51,76,1
19,86,1,1,76,61,2
19,62,0,0,89,63,2
19,62,0,0,90,89,0
19,62,0,1,89,63,2
19,62,0,1,90,89,0
24,79,1,2,85,85,0
30,63,0,1,67,47,3
30,63,1,1,66,99,0
30,63,0,2,67,47,3
30,63,1,2,66,99,0
13,73,1,1,99,94,0
13,73,1,1,52,64,2
23,66,1,0,92,41,3
23,66,1,1,92,41,3
23,66,1,2,92,41,3
27,94,1,1,84,77,1
18,81,1,0,87,69,2
18,81,1,1,87,69,2
18,81,1,2,87,69,2
30,71,0,2,81,93,0
30,71,0,2,53,51,3
9,75,1,2,88,48,3
11,89,0,1,56,50,3
11,89,1,1,51,91,0
28,82,0,1,67,90,0
28,82,1,1,56,93,0
29,62,1,1,79,68,2
32,87,1,1,86,47,3
32,96,0,0,62,59,2
27,92,1,2,100,61,2
27,92,1,2,75,85,0
27,92,1,2,97,89,0
27,92,1,0,100,61,2
27,92,1,0,75,85,0
27,92,1,0,97,89,0
27,92,1,1,100,61,2
27,92,1,1,75,85,0
27,92,1,1,97,89,0
26,67,0,2,51,65,2
26,67,1,2,75,52,3
26,67,0,2,94,99,0
26,67,1,2,66,56,2
26,67,0,1,51,65,2
26,67,1,1,75,52,3
26,67,0,1,94,99,0
26,67,1,1,66,56,2
26,67,0,0,51,65,2
26,67,1,0,75,52,3
26,67,0,0,94,99,0
26,67,1,0,66,56,2
17,63,0,2,83,67,2
17,63,0,2,81,50,3
17,63,1,2,83,89,0
17,63,1,2,57,99,0
17,63,0,0,83,67,2
17,63,0,0,81,50,3
17,63,1,0,83,89,0
17,63,1,0,57,99,0
17,63,0,1,83,67,2
17,63,0,1,81,50,3
17,63,1,1,83,89,0
17,63,1,1,57,99,0
26,87,1,2,81,99,0
26,87,1,2,56,78,1
26,87,0,2,98,68,2
26,87,1,2,50,42,3
26,87,1,2,55,46,3
26,87,1,0,81,99,0
26,87,1,0,56,78,1
26,87,0,0,98,68,2
26,87,1,0,50,42,3
26,87,1,0,55,46,3
26,87,1,1,81,99,0
26,87,1,1,56,78,1
26,87,0,1,98,68,2
26,87,1,1,50,42,3
26,87,1,1,55,46,3
29,62,1,2,91,45,3
29,62,1,2,54,90,0
29,62,1,2,58,58,2
29,62,1,2,64,100,0
29,62,1,2,78,46,3
29,62,1,2,90,80,1
29,62,1,2,80,82,1
9,82,0,1,54,98,0
29,94,0,1,50,57,2
29,94,1,1,97,44,3
29,94,1,1,98,65,2
14,67,0,1,62,60,2
14,67,0,1,51,93,0
14,67,0,0,62,60,2
14,67,0,0,51,93,0
31,61,0,1,96,96,0
31,61,1,1,64,46,3
27,73,0,0,60,62,2
27,73,0,0,50,65,2
27,73,0,0,58,91,0
27,73,0,1,60,62,2
27,73,0,1,50,65,2
27,73,0,1,58,91,0
27,73,0,2,60,62,2
27,73,0,2,50,65,2
27,73,0,2,58,91,0
23,96,0,2,78,42,3
23,96,1,2,66,68,2
23,96,0,1,78,42,3
23,96,1,1,66,68,2
23,96,0,0,78,42,3
23,96,1,0,66,68,2
31,65,0,1,87,43,3
9,95,0,1,52,73,1
9,95,0,1,85,98,0
19,85,0,0,95,96,0
19,85,0,2,95,96,0
19,85,0,1,95,96,0
17,81,1,1,100,71,1
17,81,1,2,100,71,1
10,64,1,1,52,85,0
10,64,0,1,54,44,3
17,100,0,0,81,61,2
13,93,1,0,78,49,3
13,93,0,0,82,83,1
13,93,0,0,71,48,3
13,93,1,0,75,47,3
13,93,1,2,78,49,3
13,93,0,2,82,83,1
13,93,0,2,71,48,3
13,93,1,2,75,47,3
31,64,1,0,89,45,3
31,64,1,0,86,56,2
31,64,1,0,98,59,2
31,64,0,0,77,60,2
31,64,1,0,77,64,2
31,64,1,1,89,45,3
31,64,1,1,86,56,2
31,64,1,1,98,59,2
31,64,0,1,77,60,2
31,64,1,1,77,64,2
30,69,0,1,91,64,2
30,69,1,1,76,88,0
30,69,0,1,70,72,1
17,60,1,1,51,81,1
17,60,0,1,93,62,2
17,60,1,1,69,68,2
25,95,1,1,92,43,3
25,95,1,1,65,43,3
25,95,0,1,98,95,0
25,95,1,2,92,43,3
25,95,1,2,65,43,3
25,95,0,2,98,95,0
25,95,1,0,92,43,3
25,95,1,0,65,43,3
25,95,0,0,98,95,0
27,90,1,1,74,85,0
15,60,0,2,85,70,1
15,60,1,2,95,97,0
15,60,0,2,70,46,3
15,60,1,2,57,58,2
15,60,0,0,85,70,1
15,60,1,0,95,97,0
15,60,0,0,70,46,3
15,60,1,0,57,58,2
15,60,0,1,85,70,1
15,60,1,1,95,97,0
15,60,0,1,70,46,3
15,60,1,1,57,58,2
19,72,1,1,50,53,3
19,72,1,1,90,47,3
19,72,1,0,50,53,3
19,72,1,0,90,47,3
19,72,1,2,50,53,3
19,72,1,2,90,47,3
25,70,0,2,81,61,2
25,70,0,1,81,61,2
25,70,0,0,81,61,2
24,67,1,0,82,97,0
24,67,1,1,82,97,0
24,67,1,2,82,97,0
11,87,0,1,58,65,2
11,87,1,1,56,89,0
11,87,1,1,79,89,0
11,87,0,2,58,65,2
11,87,1,2,56,89,0
11,87,1,2,79,89,0
17,69,0,0,84,75,1
17,69,0,1,84,75,1
17,69,0,2,84,75,1
25,84,0,0,88,51,3
25,84,0,1,88,51,3
10,89,1,1,74,81,1
15,65,0,0,96,90,0
15,65,1,0,65,90,0
15,65,1,0,86,62,2
15,65,0,1,96,90,0
15,65,1,1,65,90,0
15,65,1,1,86,62,2
21,63,0,0,97,87,0
21,63,0,0,81,51,3
21,63,0,0,91,63,2
21,63,1,0,54,83,1
21,63,0,1,97,87,0
21,63,0,1,81,51,3
21,63,0,1,91,63,2
21,63,1,1,54,83,1
27,99,0,1,59,85,0
27,99,0,0,59,85,0
27,99,0,2,59,85,0
20,62,1,2,64,99,0
20,62,1,1,64,99,0
21,79,0,2,73,81,1
21,79,1,2,51,62,2
21,79,1,2,62,54,3
21,79,0,1,73,81,1
21,79,1,1,51,62,2
21,79,1,1,62,54,3
21,79,0,0,73,81,1
21,79,1,0,51,62,2
21,79,1,0,62,54,3
18,93,0,1,74,73,1
18,93,1,1,68,100,0
18,93,0,1,96,70,1
18,93,0,1,91,94,0
21,85,0,2,98,81,1
21,85,0,2,81,62,2
21,85,0,1,98,81,1
21,85,0,1,81,62,2
21,85,0,0,98,81,1
21,85,0,0,81,62,2
14,74,1,2,77,56,2
14,74,1,1,77,56,2
14,74,1,0,77,56,2
23,72,0,0,89,61,2
23,72,1,0,50,94,0
23,72,1,0,66,46,3
23,72,0,0,53,46,3
23,72,0,1,89,61,2
23,72,1,1,50,94,0
23,72,1,1,66,46,3
23,72,0,1,53,46,3
23,72,0,2,89,61,2
23,72,1,2,50,94,0
23,72,1,2,66,46,3
23,72,0,2,53,46,3
25,96,1,2,72,51,3
25,96,0,2,51,89,0
25,96,1,2,85,85,0
25,96,1,0,72,51,3
25,96,0,0,51,89,0
25,96,1,0,85,85,0
25,96,1,1,72,51,3
25,96,0,1,51,89,0
25,96,1,1,85,85,0
6,95,1,1,65,40,3
6,95,1,1,66,71,1
32,72,1,0,92,72,1
32,72,1,0,58,81,1
28,73,1,0,88,72,1
28,73,1,1,88,72,1
14,94,0,0,63,46,3
14,94,1,0,60,40,3
14,94,1,0,74,65,2
14,94,1,0,53,66,2
14,94,0,0,75,95,0
14,94,0,1,63,46,3
14,94,1,1,60,40,3
14,94,1,1,74,65,2
14,94,1,1,53,66,2
14,94,0,1,75,95,0
11,73,0,1,91,73,1
11,73,1,1,67,88,0
25,67,0,1,84,92,0
25,67,0,1,57,70,1
25,67,1,1,92,91,0
25,67,0,1,88,98,0
25,67,0,2,84,92,0
25,67,0,2,57,70,1
25,67,1,2,92,91,0
25,67,0,2,88,98,0
39,95,1,2,88,72,1
39,95,0,2,92,79,1
27,90,1,1,91,82,1
27,90,1,1,91,77,1
27,90,0,1,75,79,1
27,90,1,0,91,82,1
27,90,1,0,91,77,1
27,90,0,0,75,79,1
27,90,1,2,91,82,1
27,90,1,2,91,77,1
27,90,0,2,75,79,1
11,89,1,1,72,46,3
11,89,0,1,87,54,3
11,89,1,0,72,46,3
11,89,0,0,87,54,3
26,97,1,2,90,66,2
26,97,1,2,75,74,1
26,97,0,2,96,77,1
26,97,1,1,90,66,2
26,97,1,1,75,74,1
26,97,0,1,96,77,1
17,60,1,2,52,85,0
17,60,1,2,74,62,2
17,60,0,2,65,97,0
17,60,1,1,52,85,0
17,60,1,1,74,62,2
17,60,0,1,65,97,0
28,70,1,1,56,92,0
28,70,1,1,80,40,3
28,70,1,2,56,92,0
28,70,1,2,80,40,3
28,70,1,0,56,92,0
28,70,1,0,80,40,3
20,64,1,1,87,55,2
20,64,1,0,87,55,2
20,64,1,2,87,55,2
16,96,0,2,59,51,3
16,96,0,2,64,74,1
16,96,0,1,59,51,3
16,96,0,1,64,74,1
26,60,1,0,69,84,1
14,96,0,2,88,75,1
14,96,1,2,55,86,0
14,96,0,1,88,75,1
14,96,1,1,55,86,0
23,96,1,0,89,70,1
23,96,1,1,89,70,1
32,86,1,1,60,69,2
32,86,0,1,70,75,1
32,86,1,0,60,69,2
32,86,0,0,70,75,1
14,87,1,1,72,85,0
14,87,1,1,73,58,2
23,74,0,0,56,69,2
23,74,0,0,66,90,0
23,74,1,0,53,55,2
23,74,0,1,56,69,2
23,74,0,1,66,90,0
23,74,1,1,53,55,2
19,96,0,2,64,96,0
19,96,0,1,64,96,0
26,72,1,2,75,97,0
26,72,1,2,77,65,2
26,72,1,1,75,97,0
26,72,1,1,77,65,2
36,64,1,1,87,99,0
36,64,1,1,56,61,2
36,64,1,1,63,95,0
36,64,1,1,70,92,0
22,66,1,1,86,40,3
22,66,1,1,84,59,2
22,66,1,2,86,40,3
22,66,1,2,84,59,2
22,91,1,0,60,94,0
22,91,1,1,60,94,0
18,85,1,0,65,79,1
18,85,1,0,85,71,1
18,85,1,2,65,79,1
18,85,1,2,85,71,1
18,85,1,1,65,79,1
18,85,1,1,85,71,1
21,69,1,2,81,72,1
21,69,1,1,81,72,1
28,92,1,2,55,56,2
28,92,1,2,76,56,2
28,92,1,2,70,57,2
28,92,1,2,56,46,3
7,96,1,1,93,71,1
7,96,0,1,73,40,3
16,76,1,0,65,65,2
16,76,0,0,52,43,3
16,76,1,0,68,66,2
16,76,1,2,65,65,2
16,76,0,2,52,43,3
16,76,1,2,68,66,2
16,76,1,1,65,65,2
16,76,0,1,52,43,3
16,76,1,1,68,66,2
28,81,1,0,94,78,1
28,81,1,0,93,45,3
28,81,1,2,94,78,1
28,81,1,2,93,45,3
28,81,1,1,94,78,1
28,81,1,1,93,45,3
14,78,0,0,82,70,1
14,78,0,1,82,70,1
14,78,0,2,82,70,1
25,81,1,0,70,41,3
25,81,1,0,86,76,1
25,81,1,0,50,47,3
25,81,1,0,76,96,0
25,81,1,0,77,88,0
25,81,1,1,70,41,3
25,81,1,1,86,76,1
25,81,1,1,50,47,3
25,81,1,1,76,96,0
25,81,1,1,77,88,0
19,70,1,2,90,47,3
19,70,1,1,90,47,3
18,62,1,1,70,55,2
18,62,0,1,65,70,1
18,62,0,1,63,97,0
18,62,0,1,86,65,2
18,86,0,1,65,65,2
18,86,1,1,83,96,0
18,86,0,0,65,65,2
18,86,1,0,83,96,0
27,87,0,0,100,90,0
27,87,0,0,91,79,1
27,87,1,0,87,42,3
27,87,0,1,100,90,0
27,87,0,1,91,79,1
27,87,1,1,87,42,3
13,99,1,0,64,45,3
13,99,1,1,64,45,3
27,71,1,1,52,92,0
24,84,0,1,70,76,1
24,84,1,1,53,79,1
16,77,1,2,97,65,2
16,77,1,2,57,56,2
16,77,1,2,60,90,0
16,77,1,0,97,65,2
16,77,1,0,57,56,2
16,77,1,0,60,90,0
16,77,1,1,97,65,2
16,77,1,1,57,56,2
16,77,1,1,60,90,0
22,69,1,0,61,77,1
22,69,0,0,80,41,3
22,69,1,1,61,77,1
22,69,0,1,80,41,3
27,94,0,1,99,41,3
27,94,0,1,84,73,1
27,94,0,1,72,100,0
27,94,1,1,100,70,1
27,94,1,1,56,79,1
27,94,0,1,81,76,1
27,94,0,0,99,41,3
27,94,0,0,84,73,1
27,94,0,0,72,100,0
27,94,1,0,100,70,1
27,94,1,0,56,79,1
27,94,0,0,81,76,1
27,94,0,2,99,41,3
27,94,0,2,84,73,1
27,94,0,2,72,100,0
27,94,1,2,100,70,1
27,94,1,2,56,79,1
27,94,0,2,81,76,1
31,89,0,1,89,97,0
31,89,0,1,91,97,0
31,89,1,1,54,67,2
27,99,0,1,76,73,1
27,99,1,1,82,84,1
7,99,0,1,76,62,2
7,99,0,1,61,77,1
7,99,0,1,71,100,0
25,74,0,0,83,77,1
25,74,1,0,76,96,0
25,74,0,0,94,74,1
25,74,0,2,83,77,1
25,74,1,2,76,96,0
25,74,0,2,94,74,1
25,74,0,1,83,77,1
25,74,1,1,76,96,0
25,74,0,1,94,74,1
18,61,1,0,88,46,3
18,61,1,1,88,46,3
27,67,1,0,92,55,2
27,67,0,0,80,40,3
27,67,1,0,92,69,2
27,67,1,2,92,55,2
27,67,0,2,80,40,3
27,67,1,2,92,69,2
27,67,1,1,92,55,2
27,67,0,1,80,40,3
27,67,1,1,92,69,2
31,90,1,0,92,66,2
19,61,0,0,59,85,0
19,61,1,0,54,100,0
19,61,0,2,59,85,0
19,61,1,2,54,100,0
19,61,0,1,59,85,0
19,61,1,1,54,100,0
18,70,1,0,53,55,2
18,70,1,0,81,88,0
18,70,1,1,53,55,2
18,70,1,1,81,88,0
18,89,0,0,54,54,3
18,89,0,2,54,54,3
18,89,0,1,54,54,3
10,93,0,1,73,45,3
10,93,1,1,82,66,2
26,84,0,1,79,75,1
26,84,1,1,63,49,3
26,84,0,1,75,94,0
30,87,1,1,66,56,2
30,87,1,0,66,56,2
30,87,1,2,66,56,2
19,100,0,2,84,44,3
19,100,0,1,84,44,3
19,100,0,0,84,44,3
19,69,1,1,78,63,2
19,69,0,1,79,100,0
19,69,1,0,78,63,2
19,69,0,0,79,100,0
27,78,0,1,82,84,1
27,78,1,1,88,43,3
27,78,1,1,65,55,2
27,78,0,2,82,84,1
27,78,1,2,88,43,3
27,78,1,2,65,55,2
27,78,0,0,82,84,1
27,78,1,0,88,43,3
27,78,1,0,65,55,2
14,62,0,1,53,48,3
14,62,0,1,92,91,0
14,62,0,0,53,48,3
14,62,0,0,92,91,0
21,61,1,1,52,70,1
21,61,0,1,76,80,1
21,61,1,0,52,70,1
21,61,0,0,76,80,1
21,61,1,2,52,70,1
21,61,0,2,76,80,1
23,86,1,1,64,79,1
26,82,0,1,67,78,1
26,82,0,1,50,46,3
26,82,0,2,67,78,1
26,82,0,2,50,46,3
24,79,1,1,71,74,1
24,79,1,1,92,69,2
24,79,1,0,71,74,1
24,79,1,0,92,69,2
9,76,1,1,99,68,2
9,76,0,1,81,52,3
9,76,0,1,52,47,3
23,85,1,2,57,89,0
23,85,0,2,71,69,2
23,85,1,0,57,89,0
23,85,0,0,71,69,2
30,94,0,1,87,80,1
30,94,1,1,93,61,2
30,94,0,0,87,80,1
30,94,1,0,93,61,2
28,76,1,1,99,97,0
28,76,0,1,85,68,2
28,76,1,2,99,97,0
28,76,0,2,85,68,2
30,96,1,1,69,74,1
30,96,0,1,60,45,3
30,96,1,1,61,88,0
33,69,1,1,59,62,2
33,69,0,1,85,45,3
16,97,1,1,60,93,0
16,97,1,1,53,74,1
16,97,1,1,97,61,2
16,97,1,0,60,93,0
16,97,1,0,53,74,1
16,97,1,0,97,61,2
12,65,1,1,54,80,1
12,65,0,1,67,54,3
16,78,1,2,91,93,0
16,78,1,2,56,50,3
16,78,1,0,91,93,0
16,78,1,0,56,50,3
16,78,1,1,91,93,0
16,78,1,1,56,50,3
12,81,1,0,67,88,0
9,87,0,1,88,95,0
9,87,0,1,86,41,3
9,87,0,1,87,92,0
9,87,1,1,79,65,2
9,87,0,1,56,83,1
21,86,0,1,96,42,3
21,86,1,1,93,62,2
21,86,1,1,59,64,2
21,86,0,1,97,78,1
21,86,0,2,96,42,3
21,86,1,2,93,62,2
21,86,1,2,59,64,2
21,86,0,2,97,78,1
18,94,0,1,72,43,3
18,94,1,1,87,58,2
18,94,0,0,72,43,3
18,94,1,0,87,58,2
18,94,0,2,72,43,3
18,94,1,2,87,58,2
31,85,1,1,59,79,1
31,85,0,1,90,70,1
31,85,0,1,83,99,0
31,85,1,1,82,41,3
16,61,1,0,51,65,2
16,61,0,0,91,50,3
16,61,1,1,51,65,2
16,61,0,1,91,50,3
11,96,0,2,50,74,1
11,96,0,2,100,82,1
11,96,0,2,88,98,0
11,96,0,2,53,67,2
11,96,0,2,81,44,3
11,96,0,1,50,74,1
11,96,0,1,100,82,1
11,96,0,1,88,98,0
11,96,0,1,53,67,2
11,96,0,1,81,44,3
9,69,0,2,83,64,2
9,69,0,2,58,64,2
10,97,1,2,63,42,3
10,97,1,2,66,75,1
10,97,1,1,63,42,3
10,97,1,1,66,75,1
30,72,1,1,78,50,3
7,92,1,2,58,91,0
19,65,1,0,75,60,2
19,65,1,1,75,60,2
19,65,1,2,75,60,2
24,87,1,2,77,87,0
24,87,0,2,98,47,3
24,87,1,2,74,40,3
26,99,1,2,73,40,3
26,99,1,2,50,95,0
26,99,1,1,73,40,3
26,99,1,1,50,95,0
21,92,0,1,72,61,2
21,92,1,1,73,72,1
21,92,0,1,89,68,2
21,92,0,1,79,48,3
20,68,1,1,75,54,3
20,68,1,2,75,54,3
20,68,1,0,75,54,3
9,73,1,1,85,89,0
9,73,1,1,90,64,2
9,73,0,1,65,56,2
9,73,1,0,85,89,0
9,73,1,0,90,64,2
9,73,0,0,65,56,2
28,91,0,1,50,52,3
28,91,0,1,73,94,0
15,73,0,2,72,76,1
15,73,1,2,80,61,2
15,73,0,1,72,76,1
15,73,1,1,80,61,2
13,79,1,2,69,61,2
13,79,1,1,69,61,2
26,73,1,0,80,77,1
26,73,1,0,99,50,3
26,73,1,2,80,77,1
26,73,1,2,99,50,3
28,66,0,1,83,81,1
28,66,0,1,100,68,2
25,62,0,1,75,56,2
25,62,1,1,51,77,1
25,62,1,1,89,63,2
25,62,0,0,75,56,2
25,62,1,0,51,77,1
25,62,1,0,89,63,2
13,95,0,1,62,78,1
13,95,1,1,59,83,1
13,95,0,1,78,97,0
13,95,0,0,62,78,1
13,95,1,0,59,83,1
13,95,0,0,78,97,0
19,87,1,0,80,91,0
19,87,1,0,67,98,0
19,87,1,2,80,91,0
19,87,1,2,67,98,0
19,87,1,1,80,91,0
19,87,1,1,67,98,0
18,87,1,2,91,69,2
18,87,1,0,91,69,2
25,98,0,1,89,98,0
28,93,1,1,60,50,3
28,93,0,1,58,62,2
17,79,1,0,74,45,3
17,79,0,0,93,81,1
17,79,0,0,71,43,3
17,79,1,0,83,41,3
17,79,1,1,74,45,3
17,79,0,1,93,81,1
17,79,0,1,71,43,3
17,79,1,1,83,41,3
10,72,1,1,56,79,1
10,72,1,1,97,58,2
10,72,1,1,85,87,0
10,72,1,1,80,41,3
10,72,0,1,96,85,0
30,77,0,1,68,80,1
30,77,1,1,90,68,2
30,77,0,1,79,89,0
16,64,1,2,69,67,2
16,64,1,2,72,91,0
16,64,0,2,98,84,1
16,64,1,2,56,62,2
16,64,1,2,51,82,1
16,64,0,2,61,56,2
16,64,1,1,69,67,2
16,64,1,1,72,91,0
16,64,0,1,98,84,1
16,64,1,1,56,62,2
16,64,1,1,51,82,1
16,64,0,1,61,56,2
20,97,1,0,67,44,3
20,97,0,0,54,73,1
20,97,1,1,67,44,3
20,97,0,1,54,73,1
20,97,1,2,67,44,3
20,97,0,2,54,73,1
15,85,1,2,50,44,3
15,85,1,2,91,50,3
15,85,1,2,95,87,0
23,76,0,0,91,90,0
23,76,0,1,91,90,0
23,76,0,2,91,90,0
19,93,0,1,52,89,0
19,93,1,1,57,98,0
19,93,1,1,67,46,3
19,93,0,0,52,89,0
19,93,1,0,57,98,0
19,93,1,0,67,46,3
30,64,1,0,73,81,1
30,64,1,1,73,81,1
18,60,1,1,83,68,2
18,60,1,1,56,54,3
18,60,0,1,58,46,3
18,60,0,1,81,100,0
23,99,1,1,63,74,1
23,99,1,1,55,93,0
23,99,1,0,63,74,1
23,99,1,0,55,93,0
23,99,1,2,63,74,1
23,99,1,2,55,93,0
11,95,1,2,74,41,3
11,95,1,2,68,58,2
11,95,1,0,74,41,3
11,95,1,0,68,58,2
13,74,1,2,97,61,2
13,74,1,0,97,61,2
30,96,0,1,93,85,0
30,96,0,1,100,75,1
30,96,1,1,97,54,3
30,96,0,1,75,44,3
30,96,1,1,96,84,1
30,96,1,1,67,60,2
30,96,0,2,93,85,0
30,96,0,2,100,75,1
30,96,1,2,97,54,3
30,96,0,2,75,44,3
30,96,1,2,96,84,1
30,96,1,2,67,60,2
33,93,1,0,54,63,2
33,93,0,0,90,99,0
33,93,1,0,70,44,3
33,93,0,0,52,67,2
33,93,1,2,54,63,2
33,93,0,2,90,99,0
33,93,1,2,70,44,3
33,93,0,2,52,67,2
33,93,1,1,54,63,2
33,93,0,1,90,99,0
33,93,1,1,70,44,3
33,93,0,1,52,67,2
17,89,0,2,56,97,0
17,89,0,1,56,97,0
16,69,1,1,62,64,2
16,69,1,1,80,56,2
16,69,1,0,62,64,2
16,69,1,0,80,56,2
8,99,0,2,71,66,2
8,99,0,2,53,54,3
8,99,0,2,59,52,3
8,99,0,2,82,44,3
21,62,0,1,97,94,0
21,62,0,0,97,94,0
27,88,1,2,90,46,3
27,88,1,2,86,88,0
27,88,1,1,90,46,3
27,88,1,1,86,88,0
13,82,1,2,79,87,0
13,82,1,0,79,87,0
23,70,0,2,89,81,1
23,70,1,2,55,52,3
23,70,1,2,54,40,3
23,70,0,1,89,81,1
23,70,1,1,55,52,3
23,70,1,1,54,40,3
19,61,0,1,74,43,3
19,61,1,1,71,42,3
19,61,0,2,74,43,3
19,61,1,2,71,42,3
19,61,0,0,74,43,3
19,61,1,0,71,42,3
36,68,1,2,67,88,0
36,68,0,2,77,61,2
36,68,1,2,67,61,2
36,68,1,2,100,63,2
11,70,0,2,58,92,0
11,70,1,2,84,64,2
11,70,0,2,52,93,0
22,88,1,0,50,45,3
22,88,0,0,100,92,0
22,88,1,0,75,46,3
22,88,0,0,70,50,3
22,88,1,1,50,45,3
22,88,0,1,100,92,0
22,88,1,1,75,46,3
22,88,0,1,70,50,3
18,83,0,1,92,99,0
18,83,1,1,55,43,3
18,83,1,1,73,48,3
18,83,0,0,92,99,0
18,83,1,0,55,43,3
18,83,1,0,73,48,3
20,77,0,1,91,59,2
20,77,0,1,75,55,2
20,77,0,1,84,100,0
20,77,0,2,91,59,2
20,77,0,2,75,55,2
20,77,0,2,84,100,0
20,94,0,1,54,44,3
20,94,0,0,54,44,3
20,94,0,2,54,44,3
9,65,0,1,55,56,2
9,65,1,1,60,81,1
9,65,1,1,56,61,2
9,65,0,1,91,57,2
9,65,0,1,63,43,3
9,65,1,1,61,64,2
9,65,1,1,54,99,0
28,77,1,0,97,49,3
28,77,1,2,97,49,3
39,97,0,1,56,65,2
39,97,1,1,93,42,3
39,97,1,1,50,42,3
39,97,1,1,78,79,1
39,97,1,1,55,65,2
26,81,0,1,58,41,3
26,81,0,1,68,50,3
26,81,1,1,82,56,2
26,81,0,0,58,41,3
26,81,0,0,68,50,3
26,81,1,0,82,56,2
22,88,0,1,81,43,3
22,88,0,1,64,45,3
22,88,1,1,84,93,0
24,93,1,1,59,63,2
24,93,0,1,67,73,1
24,93,1,2,59,63,2
24,93,0,2,67,73,1
24,93,1,0,59,63,2
24,93,0,0,67,73,1
27,85,1,0,93,45,3
27,85,1,0,99,44,3
27,85,1,1,93,45,3
27,85,1,1,99,44,3
20,60,1,0,97,55,2
20,60,1,0,81,57,2
20,60,0,0,78,47,3
20,60,1,0,82,62,2
20,60,1,0,85,53,3
20,60,1,0,76,89,0
20,60,1,1,97,55,2
20,60,1,1,81,57,2
20,60,0,1,78,47,3
20,60,1,1,82,62,2
20,60,1,1,85,53,3
20,60,1,1,76,89,0
25,79,1,1,87,43,3
25,79,1,1,50,59,2
25,79,1,1,74,99,0
25,79,1,1,100,91,0
25,79,1,1,57,73,1
25,88,1,1,95,73,1
25,88,1,1,100,85,0
25,88,1,0,95,73,1
25,88,1,0,100,85,0
27,70,1,2,69,62,2
27,70,1,2,62,66,2
27,70,1,0,69,62,2
27,70,1,0,62,66,2
24,94,0,1,87,81,1
24,94,1,1,90,40,3
24,94,0,0,87,81,1
24,94,1,0,90,40,3
22,96,1,0,68,72,1
22,96,0,0,67,41,3
22,96,1,2,68,72,1
22,96,0,2,67,41,3
22,96,1,1,68,72,1
22,96,0,1,67,41,3
15,99,1,1,89,81,1
15,99,1,1,61,48,3
15,99,1,1,62,61,2
15,99,1,2,89,81,1
15,99,1,2,61,48,3
15,99,1,2,62,61,2
15,99,1,0,89,81,1
15,99,1,0,61,48,3
15,99,1,0,62,61,2
19,82,0,1,72,83,1
19,82,1,1,78,69,2
19,82,0,1,78,76,1
19,82,0,2,72,83,1
19,82,1,2,78,69,2
19,82,0,2,78,76,1
19,82,0,0,72,83,1
19,82,1,0,78,69,2
19,82,0,0,78,76,1
9,62,1,0,55,74,1
9,62,0,0,79,67,2
10,67,0,1,96,98,0
10,67,1,1,78,73,1
15,66,1,1,92,63,2
15,66,1,1,74,48,3
15,66,0,1,73,55,2
15,66,1,2,92,63,2
15,66,1,2,74,48,3
15,66,0,2,73,55,2
15,66,1,0,92,63,2
15,66,1,0,74,48,3
15,66,0,0,73,55,2
25,99,1,0,54,76,1
25,99,1,0,61,74,1
25,99,0,0,55,93,0
25,99,0,0,87,90,0
25,99,1,1,54,76,1
25,99,1,1,61,74,1
25,99,0,1,55,93,0
25,99,0,1,87,90,0
8,84,0,1,60,100,0
8,84,0,1,80,85,0
8,84,1,1,97,97,0
8,84,0,1,68,43,3
8,84,0,0,60,100,0
8,84,0,0,80,85,0
8,84,1,0,97,97,0
8,84,0,0,68,43,3
13,66,0,1,96,87,0
13,66,1,1,95,67,2
13,66,0,1,60,54,3
13,66,0,0,96,87,0
13,66,1,0,95,67,2
13,66,0,0,60,54,3
22,91,1,0,68,52,3
22,91,0,0,64,98,0
22,91,1,1,68,52,3
22,91,0,1,64,98,0
22,91,1,2,68,52,3
22,91,0,2,64,98,0
28,69,0,0,77,62,2
28,69,0,1,77,62,2
28,69,0,2,77,62,2
31,88,0,1,74,67,2
31,88,0,1,100,53,3
31,88,1,1,88,98,0
31,88,0,0,74,67,2
31,88,0,0,100,53,3
31,88,1,0,88,98,0
23,73,0,1,86,44,3
23,73,0,1,57,75,1
23,73,1,1,94,98,0
23,73,0,1,79,51,3
37,94,0,2,61,91,0
12,71,0,1,67,65,2
12,71,0,1,56,67,2
12,71,1,1,75,56,2
17,76,1,0,53,47,3
17,76,1,1,53,47,3
21,100,0,1,83,87,0
21,100,1,1,97,89,0
21,100,0,0,83,87,0
21,100,1,0,97,89,0
25,89,1,0,77,78,1
25,89,0,0,61,92,0
25,89,1,0,63,59,2
25,89,1,1,77,78,1
25,89,0,1,61,92,0
25,89,1,1,63,59,2
22,93,1,1,51,51,3
22,93,1,1,73,77,1
22,93,1,1,93,51,3
22,93,1,1,60,50,3
22,93,1,1,89,89,0
22,93,1,0,51,51,3
22,93,1,0,73,77,1
22,93,1,0,93,51,3
22,93,1,0,60,50,3
22,93,1,0,89,89,0
5,70,1,1,67,76,1
5,70,1,1,58,86,0
5,70,0,1,64,79,1
5,70,1,1,95,99,0
5,70,0,1,89,97,0
29,61,1,2,66,76,1
29,61,1,2,97,78,1
29,61,1,1,66,76,1
29,61,1,1,97,78,1
26,80,1,1,63,54,3
21,99,1,1,99,52,3
21,99,1,1,50,45,3
21,99,1,0,99,52,3
21,99,1,0,50,45,3
21,99,1,2,99,52,3
21,99,1,2,50,45,3
24,77,1,1,96,74,1
24,77,1,1,56,76,1
24,77,1,0,96,74,1
24,77,1,0,56,76,1
24,77,1,2,96,74,1
24,77,1,2,56,76,1
24,94,1,0,67,46,3
24,94,0,0,76,66,2
24,94,0,0,81,40,3
24,94,1,2,67,46,3
24,94,0,2,76,66,2
24,94,0,2,81,40,3
11,92,0,1,51,91,0
11,92,0,2,51,91,0
6,65,0,1,98,78,1
6,65,1,1,92,40,3
17,72,0,0,53,93,0
17,72,0,0,64,79,1
29,74,1,2,85,42,3
29,74,1,2,53,47,3
29,74,1,2,92,98,0
29,74,1,0,85,42,3
29,74,1,0,53,47,3
29,74,1,0,92,98,0
29,74,1,1,85,42,3
29,74,1,1,53,47,3
29,74,1,1,92,98,0
24,91,0,0,53,83,1
24,91,0,0,99,40,3
24,91,1,0,63,58,2
24,91,0,2,53,83,1
24,91,0,2,99,40,3
24,91,1,2,63,58,2
24,91,0,1,53,83,1
24,91,0,1,99,40,3
24,91,1,1,63,58,2
26,62,1,0,82,97,0
11,85,1,0,61,83,1
11,85,1,0,50,90,0
15,69,1,0,96,78,1
15,69,1,0,56,100,0
15,69,1,1,96,78,1
15,69,1,1,56,100,0
27,66,0,0,89,68,2
27,66,1,0,54,66,2
27,66,0,0,85,54,3
27,66,1,0,93,40,3
13,84,0,2,76,93,0
13,84,0,0,76,93,0
15,81,1,1,81,78,1
15,81,1,1,85,94,0
15,81,0,1,92,83,1
15,81,1,1,92,76,1
15,81,1,1,77,49,3
15,81,1,0,81,78,1
15,81,1,0,85,94,0
15,81,0,0,92,83,1
15,81,1,0,92,76,1
15,81,1,0,77,49,3
18,72,0,1,63,47,3
18,72,1,1,79,63,2
18,72,0,2,63,47,3
18,72,1,2,79,63,2
24,61,1,1,57,56,2
24,61,1,1,66,58,2
24,61,1,0,57,56,2
24,61,1,0,66,58,2
19,71,0,1,53,85,0
19,71,1,1,84,66,2
19,71,0,2,53,85,0
19,71,1,2,84,66,2
34,65,1,2,76,94,0
34,65,0,2,58,56,2
34,65,1,2,54,70,1
24,95,1,1,55,51,3
24,95,1,1,62,73,1
24,95,0,1,62,72,1
24,95,1,0,55,51,3
24,95,1,0,62,73,1
24,95,0,0,62,72,1
24,95,1,2,55,51,3
24,95,1,2,62,73,1
24,95,0,2,62,72,1
18,77,0,0,78,76,1
18,77,0,0,97,66,2
18,77,0,1,78,76,1
18,77,0,1,97,66,2
18,77,0,2,78,76,1
18,77,0,2,97,66,2
17,91,1,0,61,41,3
17,91,1,2,61,41,3
29,63,1,1,64,88,0
13,96,1,1,77,92,0
13,96,1,1,95,100,0
13,96,1,1,80,54,3
13,96,1,1,52,61,2
13,96,0,1,86,84,1
10,73,1,0,97,71,1
10,73,0,0,89,87,0
10,73,0,0,56,73,1
10,79,0,2,53,69,2
10,79,0,2,55,76,1
10,79,1,2,97,79,1
18,98,0,0,84,66,2
18,98,0,1,84,66,2
28,72,0,0,55,68,2
28,72,0,0,81,76,1
28,72,1,0,93,97,0
28,72,1,0,91,59,2
28,72,0,1,55,68,2
28,72,0,1,81,76,1
28,72,1,1,93,97,0
28,72,1,1,91,59,2
13,77,0,0,91,78,1
23,83,1,0,91,84,1
23,83,0,0,84,74,1
23,83,1,0,76,67,2
23,83,1,1,91,84,1
23,83,0,1,84,74,1
23,83,1,1,76,67,2
27,83,1,1,65,41,3
23,99,1,0,80,50,3
23,99,1,2,80,50,3
15,62,0,1,50,90,0
15,62,1,1,67,82,1
15,62,0,0,50,90,0
15,62,1,0,67,82,1
33,88,0,1,58,57,2
33,88,1,1,91,75,1
33,88,0,1,78,98,0
10,94,0,2,60,88,0
10,94,0,1,60,88,0
10,94,0,0,60,88,0
32,97,1,0,72,86,0
32,97,1,0,77,83,1
32,97,0,0,94,85,0
32,97,1,0,50,79,1
32,97,1,1,72,86,0
32,97,1,1,77,83,1
32,97,0,1,94,85,0
32,97,1,1,50,79,1
19,85,1,0,83,61,2
19,85,1,0,100,94,0
19,85,1,2,83,61,2
19,85,1,2,100,94,0
28,74,1,0,57,68,2
28,74,1,0,79,99,0
7,96,0,1,51,74,1
7,96,1,1,79,76,1
11,99,0,2,88,73,1
11,99,0,1,88,73,1
18,96,0,1,94,55,2
18,96,1,1,77,97,0
18,96,1,1,64,95,0
18,96,0,2,94,55,2
18,96,1,2,77,97,0
18,96,1,2,64,95,0
17,65,1,1,73,54,3
17,65,1,1,65,87,0
17,65,1,0,73,54,3
17,65,1,0,65,87,0
24,93,1,1,95,69,2
24,93,0,1,50,97,0
24,93,1,1,77,90,0
24,93,1,2,95,69,2
24,93,0,2,50,97,0
24,93,1,2,77,90,0
10,76,1,1,94,86,0
10,76,0,1,100,44,3
10,76,1,1,53,54,3
10,76,1,0,94,86,0
10,76,0,0,100,44,3
10,76,1,0,53,54,3
23,100,0,1,96,90,0
23,100,1,1,71,53,3
32,79,1,1,50,98,0
32,79,1,1,59,64,2
31,91,1,1,91,56,2
31,91,1,1,96,65,2
31,91,1,1,57,60,2
31,91,0,1,63,94,0
31,91,1,1,91,61,2
31,91,1,0,91,56,2
31,91,1,0,96,65,2
31,91,1,0,57,60,2
31,91,0,0,63,94,0
31,91,1,0,91,61,2
31,91,1,2,91,56,2
31,91,1,2,96,65,2
31,91,1,2,57,60,2
31,91,0,2,63,94,0
31,91,1,2,91,61,2
29,82,1,1,62,92,0
29,82,1,0,62,92,0
25,86,0,1,64,42,3
22,68,0,2,78,47,3
22,68,0,2,83,94,0
22,68,0,2,62,58,2
22,68,1,2,59,76,1
22,68,0,1,78,47,3
22,68,0,1,83,94,0
22,68,0,1,62,58,2
22,68,1,1,59,76,1
33,90,0,1,72,91,0
33,90,0,1,86,100,0
33,90,1,1,79,53,3
33,90,0,1,93,48,3
19,74,0,1,65,67,2
19,74,1,1,85,83,1
19,74,0,2,65,67,2
19,74,1,2,85,83,1
28,80,0,0,50,64,2
28,80,0,0,67,91,0
28,80,0,1,50,64,2
28,80,0,1,67,91,0
9,65,1,0,79,45,3
9,65,1,0,96,70,1
9,65,1,1,79,45,3
9,65,1,1,96,70,1
8,85,1,0,81,89,0
8,85,0,0,64,90,0
13,98,1,1,53,46,3
13,98,0,1,66,74,1
24,90,0,0,54,75,1
24,90,0,2,54,75,1
11,75,0,1,77,93,0
11,79,1,0,69,56,2
11,79,0,0,82,43,3
11,79,0,0,72,40,3
11,79,1,1,69,56,2
11,79,0,1,82,43,3
11,79,0,1,72,40,3
12,69,1,0,86,79,1
23,97,1,1,94,50,3
23,97,1,1,73,61,2
23,97,1,0,94,50,3
23,97,1,0,73,61,2
17,62,1,0,67,62,2
17,62,1,2,67,62,2
17,62,1,1,67,62,2
20,78,1,1,78,84,1
20,78,1,1,76,74,1
20,78,1,1,83,100,0
20,78,1,1,51,40,3
20,78,1,1,77,96,0
20,78,1,1,67,45,3
20,78,1,0,78,84,1
20,78,1,0,76,74,1
20,78,1,0,83,100,0
20,78,1,0,51,40,3
20,78,1,0,77,96,0
20,78,1,0,67,45,3
20,78,1,2,78,84,1
20,78,1,2,76,74,1
20,78,1,2,83,100,0
20,78,1,2,51,40,3
20,78,1,2,77,96,0
20,78,1,2,67,45,3
25,95,0,0,67,79,1
25,95,0,1,67,79,1
16,68,1,1,50,96,0
16,68,1,1,60,76,1
16,68,1,1,68,46,3
16,68,1,1,82,45,3
16,68,1,1,96,66,2
29,71,0,0,75,76,1
29,71,1,0,59,100,0
29,71,1,0,74,78,1
29,71,0,1,75,76,1
29,71,1,1,59,100,0
29,71,1,1,74,78,1
30,79,0,1,66,49,3
26,98,0,1,88,65,2
26,98,0,1,95,93,0
26,98,0,0,88,65,2
26,98,0,0,95,93,0
23,78,0,1,89,43,3
23,78,0,1,81,100,0
23,78,0,1,54,63,2
23,78,1,1,93,65,2
23,78,0,1,65,70,1
23,78,0,1,67,50,3
23,78,0,1,89,90,0
23,78,1,1,95,51,3
23,78,1,1,67,68,2
23,78,0,2,89,43,3
23,78,0,2,81,100,0
23,78,0,2,54,63,2
23,78,1,2,93,65,2
23,78,0,2,65,70,1
23,78,0,2,67,50,3
23,78,0,2,89,90,0
23,78,1,2,95,51,3
23,78,1,2,67,68,2
11,70,1,0,94,90,0
11,70,1,1,94,90,0
14,63,1,0,52,72,1
14,63,1,1,52,72,1
22,68,0,2,75,88,0
22,68,0,1,75,88,0
39,92,0,1,89,81,1
39,92,0,1,91,70,1
39,92,0,1,83,54,3
39,92,1,1,66,40,3
39,92,1,1,58,88,0
39,92,1,1,62,85,0
24,99,1,0,84,55,2
24,99,0,0,53,56,2
24,99,1,1,84,55,2
24,99,0,1,53,56,2
24,99,1,2,84,55,2
24,99,0,2,53,56,2
23,89,0,0,56,61,2
23,89,0,0,89,100,0
23,89,1,0,75,46,3
23,89,1,0,76,54,3
23,89,0,1,56,61,2
23,89,0,1,89,100,0
23,89,1,1,75,46,3
23,89,1,1,76,54,3
23,89,0,2,56,61,2
23,89,0,2,89,100,0
23,89,1,2,75,46,3
23,89,1,2,76,54,3
25,75,1,2,81,63,2
25,75,0,2,68,90,0
25,75,1,2,67,76,1
25,75,0,2,85,79,1
25,75,1,2,66,97,0
25,75,1,0,81,63,2
25,75,0,0,68,90,0
25,75,1,0,67,76,1
25,75,0,0,85,79,1
25,75,1,0,66,97,0
25,75,1,1,81,63,2
25,75,0,1,68,90,0
25,75,1,1,67,76,1
25,75,0,1,85,79,1
25,75,1,1,66,97,0
31,78,1,0,83,62,2
31,78,1,0,50,92,0
31,78,1,0,100,85,0
31,78,1,0,97,84,1
31,78,1,0,74,90,0
31,78,0,0,92,57,2
24,64,1,1,60,92,0
24,64,1,1,96,85,0
24,64,0,1,92,97,0
24,64,1,1,84,42,3
25,85,1,1,55,63,2
25,85,1,1,71,97,0
16,82,1,1,69,59,2
16,82,0,1,85,60,2
16,82,1,1,50,81,1
16,82,1,2,69,59,2
16,82,0,2,85,60,2
16,82,1,2,50,81,1
16,82,1,0,69,59,2
16,82,0,0,85,60,2
16,82,1,0,50,81,1
23,82,1,1,69,54,3
23,82,1,1,61,70,1
23,82,1,2,69,54,3
23,82,1,2,61,70,1
25,71,1,1,74,59,2
25,71,1,0,74,59,2
30,90,1,2,89,97,0
20,99,1,1,78,59,2
20,99,0,1,78,71,1
20,99,1,2,78,59,2
20,99,0,2,78,71,1
20,99,1,0,78,59,2
20,99,0,0,78,71,1
24,62,1,0,76,88,0
24,62,0,0,50,100,0
24,62,1,0,100,78,1
24,62,1,1,76,88,0
24,62,0,1,50,100,0
24,62,1,1,100,78,1
11,80,1,0,98,42,3
11,80,1,0,79,66,2
18,96,0,0,97,42,3
18,96,0,1,97,42,3
23,90,0,1,86,95,0
23,90,0,1,70,41,3
23,90,1,1,93,44,3
23,90,1,1,74,62,2
23,90,0,0,86,95,0
23,90,0,0,70,41,3
23,90,1,0,93,44,3
23,90,1,0,74,62,2
23,90,0,2,86,95,0
23,90,0,2,70,41,3
23,90,1,2,93,44,3
23,90,1,2,74,62,2
7,75,0,1,62,47,3
7,75,0,1,65,40,3
27,68,0,1,74,73,1
27,68,1,1,50,52,3
9,78,1,0,53,83,1
9,78,1,0,64,99,0
9,78,1,0,62,57,2
9,78,1,1,53,83,1
9,78,1,1,64,99,0
9,78,1,1,62,57,2
14,77,1,0,52,83,1
14,77,0,0,97,70,1
14,77,0,0,68,91,0
14,77,0,0,60,59,2
14,77,1,1,52,83,1
14,77,0,1,97,70,1
14,77,0,1,68,91,0
14,77,0,1,60,59,2
14,77,1,2,52,83,1
14,77,0,2,97,70,1
14,77,0,2,68,91,0
14,77,0,2,60,59,2
11,82,1,0,92,49,3
11,82,0,0,87,59,2
11,82,1,1,92,49,3
11,82,0,1,87,59,2
11,82,1,2,92,49,3
11,82,0,2,87,59,2
10,90,0,0,96,98,0
10,90,1,0,66,100,0
29,85,1,2,89,71,1
29,85,1,2,94,50,3
29,85,0,2,81,100,0
12,74,1,0,93,86,0
12,74,1,1,93,86,0
12,74,1,2,93,86,0
18,79,0,0,63,65,2
18,79,1,0,91,89,0
18,79,1,0,71,70,1
18,79,0,1,63,65,2
18,79,1,1,91,89,0
18,79,1,1,71,70,1
18,79,0,2,63,65,2
18,79,1,2,91,89,0
18,79,1,2,71,70,1
14,88,1,1,64,65,2
14,88,1,1,95,55,2
25,92,1,1,63,69,2
25,92,0,1,55,40,3
25,92,1,1,56,100,0
25,92,1,2,63,69,2
25,92,0,2,55,40,3
25,92,1,2,56,100,0
26,68,0,0,94,49,3
26,68,0,0,55,60,2
26,68,0,2,94,49,3
26,68,0,2,55,60,2
18,65,1,1,99,81,1
18,65,1,1,61,45,3
18,65,1,0,99,81,1
18,65,1,0,61,45,3
12,76,0,1,98,46,3
12,76,1,1,78,63,2
29,93,1,1,80,70,1
29,93,1,1,74,75,1
12,84,0,1,51,100,0
12,84,0,2,51,100,0
26,86,0,1,68,92,0
20,93,0,1,78,64,2
20,93,1,1,87,77,1
20,93,0,1,77,48,3
20,93,1,1,75,46,3
20,93,0,0,78,64,2
20,93,1,0,87,77,1
20,93,0,0,77,48,3
20,93,1,0,75,46,3
11,88,1,0,51,62,2
11,88,1,0,74,82,1
25,97,0,2,80,49,3
25,97,1,2,60,48,3
25,97,0,1,80,49,3
25,97,1,1,60,48,3
25,97,0,0,80,49,3
25,97,1,0,60,48,3
12,75,1,2,79,86,0
12,75,1,2,54,93,0
12,75,1,0,79,86,0
12,75,1,0,54,93,0
20,95,1,0,61,92,0
20,95,1,0,55,86,0
20,95,1,1,61,92,0
20,95,1,1,55,86,0
16,72,0,1,68,82,1
16,72,0,1,53,97,0
16,72,1,1,86,73,1
17,83,1,0,83,94,0
17,83,1,1,83,94,0
17,83,1,2,83,94,0
34,74,1,1,54,98,0
34,74,0,1,77,87,0
29,90,0,1,79,93,0
29,90,0,1,76,47,3
29,90,1,1,76,97,0
12,81,1,1,78,80,1
12,81,0,1,76,74,1
12,81,1,1,67,63,2
12,81,1,1,93,67,2
12,81,1,0,78,80,1
12,81,0,0,76,74,1
12,81,1,0,67,63,2
12,81,1,0,93,67,2
12,81,1,2,78,80,1
12,81,0,2,76,74,1
12,81,1,2,67,63,2
12,81,1,2,93,67,2
16,63,1,2,80,53,3
16,63,0,2,53,66,2
16,63,1,0,80,53,3
16,63,0,0,53,66,2
16,63,1,1,80,53,3
16,63,0,1,53,66,2
32,83,1,0,87,62,2
32,83,1,0,83,69,2
32,83,0,0,58,52,3
32,83,1,1,87,62,2
32,83,1,1,83,69,2
32,83,0,1,58,52,3
20,82,1,0,95,68,2
20,82,1,0,77,57,2
20,82,1,0,93,48,3
20,82,1,0,54,51,3
20,82,1,0,95,73,1
20,82,1,0,95,75,1
20,82,1,1,95,68,2
20,82,1,1,77,57,2
20,82,1,1,93,48,3
20,82,1,1,54,51,3
20,82,1,1,95,73,1
20,82,1,1,95,75,1
17,75,1,1,81,68,2
17,75,1,2,81,68,2
29,84,1,2,93,77,1
29,84,0,2,86,90,0
18,93,1,1,96,67,2
18,93,1,0,96,67,2
18,93,1,2,96,67,2
38,63,0,2,64,52,3
38,63,1,2,90,81,1
38,63,1,2,80,89,0
27,69,1,1,75,78,1
27,69,1,1,55,91,0
19,94,0,1,98,87,0
19,94,1,1,77,72,1
38,86,1,2,83,84,1
38,86,1,2,75,54,3
38,86,1,2,93,90,0
26,94,1,1,84,81,1
26,94,1,0,84,81,1
26,94,1,2,84,81,1
32,84,1,1,96,55,2
13,71,1,0,76,40,3
13,71,0,0,81,68,2
13,71,1,2,76,40,3
13,71,0,2,81,68,2
14,84,1,1,99,40,3
14,84,1,2,99,40,3
14,61,0,0,80,81,1
14,61,1,0,57,86,0
14,61,0,1,80,81,1
14,61,1,1,57,86,0
14,61,0,2,80,81,1
14,61,1,2,57,86,0
17,90,1,1,91,52,3
17,90,1,1,75,92,0
17,90,1,0,91,52,3
17,90,1,0,75,92,0
13,83,1,1,64,92,0
13,83,1,1,93,41,3
13,83,1,1,66,51,3
13,83,1,2,64,92,0
13,83,1,2,93,41,3
13,83,1,2,66,51,3
19,68,0,1,79,55,2
19,68,1,1,63,91,0
19,68,0,2,79,55,2
19,68,1,2,63,91,0
19,68,0,0,79,55,2
19,68,1,0,63,91,0
35,77,1,1,56,87,0
9,86,0,2,100,97,0
9,86,0,2,60,70,1
9,86,1,2,65,44,3
9,86,0,1,100,97,0
9,86,0,1,60,70,1
9,86,1,1,65,44,3
15,74,1,1,87,64,2
15,74,0,1,93,61,2
15,74,1,0,87,64,2
15,74,0,0,93,61,2
15,95,1,0,69,93,0
15,95,0,0,63,94,0
15,95,1,0,90,61,2
15,95,1,2,69,93,0
15,95,0,2,63,94,0
15,95,1,2,90,61,2
15,95,1,1,69,93,0
15,95,0,1,63,94,0
15,95,1,1,90,61,2
11,81,0,2,63,47,3
11,81,1,2,52,64,2
11,81,1,2,74,78,1
11,81,1,2,79,44,3
11,81,0,2,94,52,3
36,96,0,1,71,57,2
36,96,0,1,62,88,0
29,66,1,1,57,55,2
29,66,1,1,89,61,2
22,86,1,1,86,42,3
22,86,0,1,82,66,2
31,68,0,0,58,93,0
31,68,0,0,51,91,0
31,68,1,0,91,93,0
31,68,0,0,55,99,0
12,98,1,1,73,72,1
12,98,0,1,83,45,3
12,98,1,1,81,44,3
12,98,1,0,73,72,1
12,98,0,0,83,45,3
12,98,1,0,81,44,3
17,84,1,0,54,81,1
17,84,1,0,96,60,2
17,84,1,2,54,81,1
17,84,1,2,96,60,2
17,84,1,1,54,81,1
17,84,1,1,96,60,2
7,69,1,2,62,59,2
7,69,0,2,98,84,1
9,86,0,1,80,41,3
9,86,1,1,50,96,0
7,88,1,0,95,57,2
7,88,0,0,97,69,2
7,88,0,0,57,51,3
24,98,1,2,51,64,2
24,98,1,2,50,94,0
24,98,1,2,99,71,1
24,98,1,2,53,42,3
24,98,1,2,72,66,2
24,98,1,1,51,64,2
24,98,1,1,50,94,0
24,98,1,1,99,71,1
24,98,1,1,53,42,3
24,98,1,1,72,66,2
29,74,1,1,78,41,3
29,74,1,2,78,41,3
28,87,1,2,65,85,0
28,87,1,1,65,85,0
30,78,1,1,58,51,3
14,93,0,0,77,83,1
14,93,0,0,57,79,1
31,71,0,1,97,79,1
31,71,0,1,79,97,0
19,60,1,2,87,88,0
19,60,1,2,50,87,0
15,77,1,1,86,91,0
15,77,0,1,91,72,1
18,84,1,1,98,99,0
18,84,0,1,68,66,2
18,84,1,1,81,100,0
18,84,1,0,98,99,0
18,84,0,0,68,66,2
18,84,1,0,81,100,0
12,70,1,1,51,81,1
12,70,1,1,57,90,0
12,70,1,2,51,81,1
12,70,1,2,57,90,0
29,88,1,1,90,49,3
13,61,1,0,86,67,2
13,61,1,0,69,98,0
13,61,1,0,58,57,2
15,65,0,1,51,79,1
15,65,0,1,80,96,0
15,65,0,1,60,47,3
15,65,0,0,51,79,1
15,65,0,0,80,96,0
15,65,0,0,60,47,3
14,92,1,2,64,86,0
14,92,1,2,92,64,2
12,74,0,0,63,81,1
12,74,0,1,63,81,1
16,90,1,1,57,52,3
16,90,0,1,79,62,2
16,90,1,0,57,52,3
16,90,0,0,79,62,2
22,94,0,0,61,51,3
22,94,1,0,87,94,0
22,94,1,0,62,50,3
22,94,0,1,61,51,3
22,94,1,1,87,94,0
22,94,1,1,62,50,3
18,75,1,0,50,97,0
18,75,1,0,76,96,0
18,75,1,2,50,97,0
18,75,1,2,76,96,0
18,75,1,1,50,97,0
18,75,1,1,76,96,0
11,71,0,1,53,75,1
11,71,0,1,96,67,2
11,71,1,1,86,42,3
11,71,1,1,60,86,0
14,100,1,2,50,53,3
14,100,1,2,52,73,1
14,100,1,2,76,56,2
14,100,1,2,80,94,0
14,100,1,0,50,53,3
14,100,1,0,52,73,1
14,100,1,0,76,56,2
14,100,1,0,80,94,0
14,100,1,1,50,53,3
14,100,1,1,52,73,1
14,100,1,1,76,56,2
14,100,1,1,80,94,0
20,75,1,0,88,99,0
20,75,0,0,94,66,2
20,75,1,0,66,94,0
20,75,1,1,88,99,0
20,75,0,1,94,66,2
20,75,1,1,66,94,0
20,75,1,2,88,99,0
20,75,0,2,94,66,2
20,75,1,2,66,94,0
29,76,1,0,84,42,3
29,76,1,0,65,91,0
29,76,1,0,71,76,1
29,76,1,0,75,97,0
29,76,1,0,71,90,0
29,76,1,1,84,42,3
29,76,1,1,65,91,0
29,76,1,1,71,76,1
29,76,1,1,75,97,0
29,76,1,1,71,90,0
28,86,0,1,58,89,0
27,92,0,1,89,67,2
27,92,0,2,89,67,2
27,92,0,0,89,67,2
15,71,1,1,59,68,2
15,71,1,1,62,73,1
15,71,1,1,80,95,0
15,71,1,0,59,68,2
15,71,1,0,62,73,1
15,71,1,0,80,95,0
7,64,1,1,84,93,0
7,64,1,1,96,81,1
7,64,1,1,54,66,2
7,64,1,1,80,96,0
28,81,0,1,69,73,1
28,81,1,1,93,52,3
28,81,0,1,56,74,1
30,68,0,1,100,100,0
30,68,1,1,52,41,3
17,89,0,1,92,81,1
5,83,1,1,92,40,3
5,83,1,1,88,51,3
13,96,0,1,95,91,0
13,96,1,1,72,74,1
13,96,0,1,50,53,3
13,96,0,0,95,91,0
13,96,1,0,72,74,1
13,96,0,0,50,53,3
19,99,0,2,71,80,1
19,99,0,2,64,74,1
19,99,0,2,53,94,0
19,99,1,2,66,52,3
19,99,1,2,91,83,1
19,99,0,0,71,80,1
19,99,0,0,64,74,1
19,99,0,0,53,94,0
19,99,1,0,66,52,3
19,99,1,0,91,83,1
29,98,1,0,77,69,2
29,98,1,0,52,58,2
17,73,0,0,99,47,3
17,73,0,0,78,80,1
17,73,0,2,99,47,3
17,73,0,2,78,80,1
17,73,0,1,99,47,3
17,73,0,1,78,80,1
19,68,1,0,79,94,0
19,68,1,1,79,94,0
23,63,1,2,86,63,2
23,63,1,1,86,63,2
23,63,1,0,86,63,2
25,94,1,0,97,79,1
15,100,0,1,58,65,2
15,100,0,2,58,65,2
36,66,1,2,50,81,1
9,71,0,1,83,58,2
25,80,0,1,52,79,1
25,80,0,1,75,79,1
25,80,0,0,52,79,1
25,80,0,0,75,79,1
18,90,1,2,71,85,0
18,90,1,2,74,60,2
18,90,1,1,71,85,0
18,90,1,1,74,60,2
18,90,1,0,71,85,0
18,90,1,0,74,60,2
8,75,0,1,89,55,2
8,75,0,1,64,77,1
8,75,1,1,84,100,0
27,77,0,0,82,91,0
27,77,0,2,82,91,0
10,63,1,1,90,100,0
10,63,1,1,73,89,0
10,63,1,1,93,66,2
10,63,0,1,69,97,0
10,63,1,1,85,82,1
10,63,1,0,90,100,0
10,63,1,0,73,89,0
10,63,1,0,93,66,2
10,63,0,0,69,97,0
10,63,1,0,85,82,1
22,92,1,1,55,56,2
22,92,0,1,51,42,3
22,92,1,1,65,63,2
22,92,1,2,55,56,2
22,92,0,2,51,42,3
22,92,1,2,65,63,2
22,92,1,0,55,56,2
22,92,0,0,51,42,3
22,92,1,0,65,63,2
29,64,0,1,99,49,3
13,67,0,1,56,82,1
13,67,0,1,84,81,1
21,77,1,0,83,92,0
21,77,1,2,83,92,0
21,77,1,1,83,92,0
7,84,1,0,63,88,0
7,84,1,0,84,55,2
7,84,1,1,63,88,0
7,84,1,1,84,55,2
7,66,0,2,64,79,1
7,66,0,2,56,65,2
7,66,1,2,67,70,1
7,64,1,2,79,60,2
28,84,1,1,78,65,2
28,84,1,1,100,44,3
28,84,1,2,78,65,2
28,84,1,2,100,44,3
7,70,1,1,53,62,2
7,70,0,1,61,41,3
23,95,1,0,54,98,0
23,95,0,0,64,73,1
23,95,1,2,54,98,0
23,95,0,2,64,73,1
23,95,1,1,54,98,0
23,95,0,1,64,73,1
44,68,0,0,99,85,0
7,98,1,2,65,77,1
7,98,0,2,56,59,2
28,69,1,0,54,42,3
28,69,1,1,54,42,3
29,73,1,0,76,90,0
29,73,1,0,52,91,0
10,93,0,1,52,63,2
10,93,1,1,76,56,2
10,93,1,1,76,73,1
18,61,0,1,54,82,1
18,61,1,1,97,66,2
18,61,0,2,54,82,1
18,61,1,2,97,66,2
17,66,0,1,77,49,3
17,66,1,1,88,68,2
17,66,1,1,77,85,0
17,66,1,1,89,57,2
14,75,1,1,78,42,3
16,60,1,0,96,44,3
9,90,0,0,86,98,0
9,91,0,2,76,91,0
9,91,0,2,84,58,2
32,75,1,2,98,99,0
32,75,1,2,51,62,2
32,75,1,1,98,99,0
32,75,1,1,51,62,2
10,97,0,0,98,89,0
10,97,1,0,92,66,2
10,97,1,0,73,91,0
34,68,1,2,70,87,0
14,71,0,1,62,62,2
14,71,1,1,89,94,0
14,71,0,0,62,62,2
14,71,1,0,89,94,0
22,100,0,1,69,59,2
22,100,1,1,53,65,2
9,60,1,1,72,97,0
9,60,1,1,96,85,0
9,60,1,1,66,94,0
31,84,1,0,94,99,0
11,88,1,0,52,60,2
28,78,0,0,98,87,0
12,77,1,1,86,64,2
12,77,0,1,69,76,1
12,77,1,1,100,94,0
12,77,1,0,86,64,2
12,77,0,0,69,76,1
12,77,1,0,100,94,0
27,65,1,1,84,78,1
18,63,0,1,75,61,2
18,63,0,1,79,72,1
21,97,0,1,61,87,0
21,97,0,1,91,57,2
21,97,0,0,61,87,0
21,97,0,0,91,57,2
21,97,0,2,61,87,0
21,97,0,2,91,57,2
17,90,1,0,82,53,3
17,90,0,0,71,56,2
17,90,0,0,86,91,0
17,90,1,0,56,77,1
17,90,1,0,76,42,3
17,90,1,1,82,53,3
17,90,0,1,71,56,2
17,90,0,1,86,91,0
17,90,1,1,56,77,1
17,90,1,1,76,42,3
5,88,1,1,75,66,2
16,70,0,2,62,71,1
16,70,1,2,81,97,0
16,70,1,2,59,78,1
21,87,0,2,63,55,2
21,87,0,2,56,43,3
21,87,0,1,63,55,2
21,87,0,1,56,43,3
21,85,1,1,72,45,3
21,85,0,1,85,56,2
21,85,0,1,97,52,3
21,85,1,0,72,45,3
21,85,0,0,85,56,2
21,85,0,0,97,52,3
8,80,0,1,82,91,0
8,80,1,1,71,82,1
8,80,1,1,62,66,2
27,91,1,1,98,58,2
27,91,1,1,55,70,1
27,91,1,1,89,95,0
27,91,0,1,92,60,2
27,91,0,1,80,84,1
27,91,1,0,98,58,2
27,91,1,0,55,70,1
27,91,1,0,89,95,0
27,91,0,0,92,60,2
27,91,0,0,80,84,1
15,93,0,1,95,42,3
15,93,1,1,96,42,3
15,93,0,1,62,92,0
15,93,1,1,58,54,3
15,93,0,2,95,42,3
15,93,1,2,96,42,3
15,93,0,2,62,92,0
15,93,1,2,58,54,3
15,93,0,0,95,42,3
15,93,1,0,96,42,3
15,93,0,0,62,92,0
15,93,1,0,58,54,3
11,99,0,1,93,56,2
11,99,1,1,94,49,3
31,77,1,2,88,60,2
31,77,1,2,80,65,2
31,61,1,1,80,94,0
31,61,0,1,85,49,3
31,61,0,1,53,68,2
31,61,0,1,93,40,3
21,68,1,0,84,61,2
21,68,1,0,87,84,1
21,68,0,0,52,54,3
27,62,1,1,66,74,1
27,62,1,0,66,74,1
23,83,1,1,94,66,2
23,83,1,1,58,99,0
23,83,0,1,95,99,0
23,83,1,1,71,94,0
23,83,0,1,60,66,2
16,98,0,1,59,94,0
16,98,0,1,52,51,3
16,98,1,1,96,49,3
12,62,1,2,61,58,2
12,62,0,2,87,100,0
9,100,1,1,76,47,3
9,100,1,1,77,43,3
9,100,0,1,99,71,1
13,74,0,1,82,89,0
13,74,1,1,62,49,3
13,74,0,0,82,89,0
13,74,1,0,62,49,3
13,74,0,2,82,89,0
13,74,1,2,62,49,3
17,62,1,1,72,81,1
17,62,1,1,87,81,1
17,62,0,1,69,50,3
17,62,1,1,94,76,1
17,62,1,1,83,81,1
17,62,1,1,60,44,3
17,62,1,2,72,81,1
17,62,1,2,87,81,1
17,62,0,2,69,50,3
17,62,1,2,94,76,1
17,62,1,2,83,81,1
17,62,1,2,60,44,3
9,75,1,0,58,98,0
9,75,1,0,89,72,1
9,75,1,0,94,84,1
10,69,1,0,60,82,1
10,69,1,1,60,82,1
29,63,1,2,87,72,1
7,63,1,1,53,76,1
7,63,1,1,91,51,3
7,63,1,1,52,98,0
7,63,1,1,69,56,2
15,88,1,1,94,87,0
15,88,0,1,93,71,1
10,77,0,0,82,43,3
10,77,0,1,82,43,3
13,80,0,1,79,63,2
13,80,0,1,63,80,1
13,80,1,1,91,43,3
9,83,0,1,89,88,0
9,83,1,1,72,92,0
14,92,0,0,85,90,0
14,92,1,0,91,94,0
14,92,1,0,54,68,2
11,60,0,2,98,78,1
11,60,0,2,79,92,0
26,64,1,0,76,96,0
26,64,1,0,100,44,3
26,64,1,0,80,61,2
26,64,0,0,65,94,0
13,86,0,1,99,82,1
13,86,1,1,96,90,0
9,87,1,0,53,72,1
9,62,1,2,81,52,3
9,62,1,2,90,57,2
9,62,1,2,99,99,0
28,72,1,0,74,76,1
28,72,1,0,56,79,1
28,72,1,0,96,74,1
28,72,1,0,93,63,2
28,72,1,2,74,76,1
28,72,1,2,56,79,1
28,72,1,2,96,74,1
28,72,1,2,93,63,2
16,92,1,2,98,51,3
16,92,1,2,65,57,2
16,92,1,2,81,46,3
16,92,1,0,98,51,3
16,92,1,0,65,57,2
16,92,1,0,81,46,3
15,81,1,0,69,79,1
15,81,1,0,97,51,3
15,81,1,0,90,47,3
15,81,1,2,69,79,1
15,81,1,2,97,51,3
15,81,1,2,90,47,3
27,75,1,1,100,47,3
27,75,1,1,96,55,2
27,75,1,1,85,62,2
27,75,1,0,100,47,3
27,75,1,0,96,55,2
27,75,1,0,85,62,2
30,98,1,2,76,43,3
30,98,1,1,76,43,3
10,74,0,2,87,67,2
24,75,1,2,74,90,0
24,75,1,2,77,96,0
24,75,1,0,74,90,0
24,75,1,0,77,96,0
28,68,1,1,66,87,0
28,68,1,1,90,89,0
28,68,1,1,77,75,1
14,91,1,2,87,62,2
14,91,1,2,84,99,0
8,71,1,1,79,66,2
8,71,1,1,63,98,0
8,71,1,1,77,72,1
8,71,1,1,81,93,0
14,63,0,2,72,93,0
14,63,1,2,52,92,0
14,63,0,1,72,93,0
14,63,1,1,52,92,0
31,62,1,2,55,93,0
21,74,1,0,84,44,3
21,74,0,0,51,65,2
21,74,0,0,87,80,1
21,74,1,0,50,98,0
21,74,0,0,53,84,1
21,74,1,0,64,100,0
26,77,1,1,79,83,1
26,77,1,0,79,83,1
37,96,1,1,92,41,3
19,73,1,1,69,42,3
21,64,0,2,68,93,0
21,64,0,2,64,64,2
21,64,0,0,68,93,0
21,64,0,0,64,64,2
15,63,1,0,50,71,1
15,63,0,0,72,68,2
15,63,1,0,53,73,1
15,63,1,0,51,66,2
15,63,1,1,50,71,1
15,63,0,1,72,68,2
15,63,1,1,53,73,1
15,63,1,1,51,66,2
15,63,1,2,50,71,1
15,63,0,2,72,68,2
15,63,1,2,53,73,1
15,63,1,2,51,66,2
24,96,1,1,52,51,3
24,96,1,1,86,50,3
24,96,0,1,62,89,0
24,96,0,1,80,60,2
18,100,1,1,54,58,2
18,100,1,2,54,58,2
21,75,0,0,79,72,1
21,75,1,0,53,48,3
21,75,0,0,98,94,0
21,75,0,2,79,72,1
21,75,1,2,53,48,3
21,75,0,2,98,94,0
20,88,0,1,57,99,0
20,88,0,1,84,82,1
20,88,1,1,73,89,0
25,96,1,1,57,79,1
25,96,1,1,82,91,0
25,96,1,1,72,94,0
25,96,1,1,90,60,2
29,69,1,1,100,61,2
29,69,1,1,78,51,3
29,69,1,1,83,64,2
29,67,1,1,91,91,0
5,69,1,1,61,94,0
5,69,0,1,88,86,0
5,69,1,1,99,58,2
28,80,0,0,96,62,2
28,80,0,2,96,62,2
28,80,0,1,96,62,2
13,98,0,2,90,50,3
13,98,1,2,58,49,3
13,98,0,1,90,50,3
13,98,1,1,58,49,3
30,62,0,1,87,50,3
13,73,0,2,76,41,3
13,73,0,1,76,41,3
31,96,1,0,99,63,2
31,96,0,0,90,46,3
31,96,1,0,67,89,0
31,96,1,1,99,63,2
31,96,0,1,90,46,3
31,96,1,1,67,89,0
13,65,1,0,78,91,0
13,65,0,0,65,58,2
13,65,0,0,94,86,0
13,65,0,0,73,73,1
13,65,0,0,80,100,0
13,65,1,1,78,91,0
13,65,0,1,65,58,2
13,65,0,1,94,86,0
13,65,0,1,73,73,1
13,65,0,1,80,100,0
34,84,0,1,72,48,3
34,84,1,1,89,94,0
34,84,1,1,83,91,0
34,84,1,1,96,83,1
34,84,1,1,60,78,1
21,94,1,1,56,77,1
21,94,1,1,70,71,1
21,94,1,0,56,77,1
21,94,1,0,70,71,1
20,63,1,1,51,99,0
20,63,1,1,66,94,0
20,63,1,0,51,99,0
20,63,1,0,66,94,0
20,63,1,2,51,99,0
20,63,1,2,66,94,0
12,76,1,1,78,64,2
12,76,1,1,77,74,1
12,76,0,1,55,76,1
12,76,1,0,78,64,2
12,76,1,0,77,74,1
12,76,0,0,55,76,1
14,72,1,1,72,46,3
14,72,1,2,72,46,3
27,79,0,2,80,49,3
27,79,1,2,65,62,2
14,78,1,1,57,100,0
14,78,0,1,94,71,1
14,78,1,1,98,79,1
18,85,1,1,69,78,1
18,85,1,1,75,45,3
18,85,1,2,69,78,1
18,85,1,2,75,45,3
7,62,1,0,92,81,1
7,62,0,0,81,45,3
7,62,1,0,74,97,0
13,81,1,0,78,48,3
13,81,1,0,78,93,0
13,81,0,0,55,74,1
13,81,1,0,70,43,3
13,81,0,0,56,93,0
9,89,0,1,85,56,2
9,89,1,1,70,84,1
9,89,0,1,98,74,1
9,89,0,1,81,93,0
12,69,1,1,68,57,2
12,69,1,1,51,90,0
12,69,1,1,85,47,3
12,69,1,1,76,87,0
12,69,1,0,68,57,2
12,69,1,0,51,90,0
12,69,1,0,85,47,3
12,69,1,0,76,87,0
32,80,0,0,87,43,3
29,83,1,1,52,91,0
29,83,1,1,62,54,3
29,83,0,1,83,52,3
29,83,1,2,52,91,0
29,83,1,2,62,54,3
29,83,0,2,83,52,3
31,70,0,2,66,98,0
10,77,0,2,52,75,1
10,77,1,2,56,66,2
10,77,0,2,68,100,0
10,77,1,2,69,95,0
10,77,1,2,97,42,3
10,77,0,1,52,75,1
10,77,1,1,56,66,2
10,77,0,1,68,100,0
10,77,1,1,69,95,0
10,77,1,1,97,42,3
23,60,1,0,98,61,2
23,60,1,0,72,41,3
27,64,0,0,93,55,2
27,64,0,1,93,55,2
27,64,0,2,93,55,2
21,70,1,0,80,91,0
21,70,1,0,77,85,0
21,70,1,2,80,91,0
21,70,1,2,77,85,0
21,70,1,1,80,91,0
21,70,1,1,77,85,0
11,72,0,2,86,63,2
11,72,1,2,96,64,2
11,72,0,0,86,63,2
11,72,1,0,96,64,2
15,82,0,1,92,65,2
32,87,1,1,65,47,3
32,87,1,1,89,70,1
29,83,1,0,79,64,2
29,83,0,0,71,85,0
29,83,1,2,79,64,2
29,83,0,2,71,85,0
29,83,1,1,79,64,2
29,83,0,1,71,85,0
34,77,0,1,64,72,1
5,95,0,0,85,60,2
32,76,1,1,61,76,1
32,76,1,1,82,90,0
32,76,1,0,61,76,1
32,76,1,0,82,90,0
17,100,1,0,81,68,2
17,100,1,0,85,74,1
17,100,1,0,57,96,0
12,61,0,0,89,78,1
17,64,1,1,90,51,3
17,64,1,1,73,81,1
17,64,1,1,82,55,2
17,64,1,0,90,51,3
17,64,1,0,73,81,1
17,64,1,0,82,55,2
17,64,1,2,90,51,3
17,64,1,2,73,81,1
17,64,1,2,82,55,2
9,70,1,0,75,99,0
34,93,0,0,71,48,3
34,93,0,0,76,86,0
34,93,1,0,99,73,1
34,93,0,0,89,89,0
21,78,1,1,60,99,0
21,78,0,1,97,40,3
21,78,0,1,61,76,1
21,78,1,2,60,99,0
21,78,0,2,97,40,3
21,78,0,2,61,76,1
30,97,0,2,66,90,0
30,97,0,1,66,90,0
13,64,0,1,81,94,0
13,64,0,1,70,42,3
13,64,0,1,52,72,1
13,64,0,0,81,94,0
13,64,0,0,70,42,3
13,64,0,0,52,72,1
32,63,1,1,91,79,1
32,63,1,1,75,40,3
30,72,1,1,72,96,0
30,72,1,2,72,96,0
21,83,1,0,72,44,3
21,83,1,0,94,96,0
21,83,1,0,64,73,1
21,83,0,0,58,64,2
21,83,1,2,72,44,3
21,83,1,2,94,96,0
21,83,1,2,64,73,1
21,83,0,2,58,64,2
21,83,1,1,72,44,3
21,83,1,1,94,96,0
21,83,1,1,64,73,1
21,83,0,1,58,64,2
12,65,0,2,52,88,0
12,65,0,2,99,40,3
12,65,1,2,92,75,1
12,65,0,1,52,88,0
12,65,0,1,99,40,3
12,65,1,1,92,75,1
7,61,1,2,77,66,2
7,61,0,2,58,47,3
14,93,0,0,82,68,2
17,97,1,0,73,71,1
17,97,0,0,100,54,3
17,97,0,0,78,59,2
17,97,1,1,73,71,1
17,97,0,1,100,54,3
17,97,0,1,78,59,2
32,64,0,1,94,76,1
32,64,1,1,89,41,3
20,96,1,1,93,59,2
20,96,1,1,96,100,0
20,96,1,2,93,59,2
20,96,1,2,96,100,0
23,88,1,2,92,46,3
23,88,1,1,92,46,3
28,77,1,1,96,75,1
28,77,0,1,85,59,2
7,60,1,0,65,93,0
13,100,1,1,91,53,3
13,100,0,1,59,42,3
13,100,1,1,71,58,2
13,100,0,1,50,66,2
13,100,1,0,91,53,3
13,100,0,0,59,42,3
13,100,1,0,71,58,2
13,100,0,0,50,66,2
19,95,1,2,88,86,0
19,95,1,2,71,65,2
19,95,0,2,72,94,0
19,95,1,2,92,82,1
19,95,0,2,60,85,0
19,95,0,2,75,41,3
19,95,1,1,88,86,0
19,95,1,1,71,65,2
19,95,0,1,72,94,0
19,95,1,1,92,82,1
19,95,0,1,60,85,0
19,95,0,1,75,41,3
32,100,1,1,78,44,3
33,72,1,0,93,49,3
33,72,1,0,53,46,3
30,95,1,1,75,55,2
15,61,0,1,68,54,3
15,61,1,1,60,96,0
15,61,1,1,62,44,3
15,61,1,1,66,67,2
15,61,1,1,72,58,2
15,61,0,2,68,54,3
15,61,1,2,60,96,0
15,61,1,2,62,44,3
15,61,1,2,66,67,2
15,61,1,2,72,58,2
28,76,1,0,85,90,0
28,76,1,0,59,92,0
28,76,1,0,56,77,1
28,76,0,0,80,42,3
28,76,1,1,85,90,0
28,76,1,1,59,92,0
28,76,1,1,56,77,1
28,76,0,1,80,42,3
9,97,1,1,72,63,2
9,97,1,1,50,43,3
9,97,1,1,58,89,0
9,97,0,1,86,40,3
9,97,1,1,77,77,1
21,100,0,1,72,42,3
21,100,1,1,67,57,2
21,100,1,1,96,96,0
21,100,0,1,62,92,0
21,100,1,1,63,44,3
7,62,1,1,94,71,1
7,62,0,1,93,80,1
28,94,1,1,53,92,0
28,94,1,2,53,92,0
14,90,1,1,90,75,1
34,81,0,0,73,84,1
27,84,1,1,80,77,1
27,84,0,1,64,92,0
27,84,1,1,55,53,3
32,98,1,1,84,68,2
32,98,1,1,99,50,3
32,98,1,1,54,62,2
8,95,0,0,96,91,0
8,95,0,0,90,71,1
31,68,1,0,90,84,1
31,68,1,0,63,68,2
31,68,1,0,67,62,2
31,68,1,1,90,84,1
31,68,1,1,63,68,2
31,68,1,1,67,62,2
11,67,1,0,95,55,2
11,67,0,0,62,91,0
11,67,0,0,54,95,0
11,67,1,2,95,55,2
11,67,0,2,62,91,0
11,67,0,2,54,95,0
24,99,0,1,51,42,3
22,62,1,1,53,97,0
22,62,1,0,53,97,0
23,72,0,1,95,82,1
23,72,1,1,75,78,1
23,72,1,1,80,47,3
23,72,0,0,95,82,1
23,72,1,0,75,78,1
23,72,1,0,80,47,3
19,74,0,2,83,97,0
19,74,1,2,91,63,2
19,74,1,2,72,49,3
19,74,0,2,61,96,0
19,74,0,1,83,97,0
19,74,1,1,91,63,2
19,74,1,1,72,49,3
19,74,0,1,61,96,0
7,99,1,0,73,48,3
33,66,0,1,98,95,0
12,80,1,2,54,42,3
12,80,1,2,98,60,2
12,80,1,2,91,67,2
12,80,0,2,51,87,0
12,80,1,2,95,54,3
12,80,1,1,54,42,3
12,80,1,1,98,60,2
12,80,1,1,91,67,2
12,80,0,1,51,87,0
12,80,1,1,95,54,3
13,79,0,0,90,86,0
13,79,0,0,68,64,2
13,79,1,0,73,76,1
13,79,1,0,96,41,3
13,79,0,0,60,65,2
13,79,0,2,90,86,0
13,79,0,2,68,64,2
13,79,1,2,73,76,1
13,79,1,2,96,41,3
13,79,0,2,60,65,2
13,79,0,1,90,86,0
13,79,0,1,68,64,2
13,79,1,1,73,76,1
13,79,1,1,96,41,3
13,79,0,1,60,65,2
27,98,1,0,75,96,0
27,98,0,0,76,54,3
27,98,1,0,59,47,3
35,68,1,1,67,61,2
35,68,1,1,82,88,0
35,68,0,1,56,89,0
17,85,0,1,51,64,2
17,85,0,1,82,70,1
28,95,1,2,81,43,3
28,95,0,2,96,100,0
28,95,1,2,62,48,3
28,95,0,2,91,50,3
28,95,1,1,81,43,3
28,95,0,1,96,100,0
28,95,1,1,62,48,3
28,95,0,1,91,50,3
28,95,1,0,81,43,3
28,95,0,0,96,100,0
28,95,1,0,62,48,3
28,95,0,0,91,50,3
11,76,1,0,55,92,0
11,76,1,0,68,49,3
11,76,0,0,81,55,2
11,76,1,2,55,92,0
11,76,1,2,68,49,3
11,76,0,2,81,55,2
7,92,1,1,76,66,2
7,92,1,1,57,87,0
7,92,1,1,78,94,0
7,92,1,1,56,54,3
7,92,0,1,78,67,2
26,72,0,0,65,98,0
26,72,1,0,87,74,1
26,72,0,0,68,47,3
26,72,0,1,65,98,0
26,72,1,1,87,74,1
26,72,0,1,68,47,3
39,90,1,2,56,93,0
39,90,0,2,56,48,3
34,72,0,0,63,56,2
19,77,1,0,91,86,0
19,77,0,0,57,47,3
19,77,1,0,85,84,1
19,77,1,1,91,86,0
19,77,0,1,57,47,3
19,77,1,1,85,84,1
19,77,1,2,91,86,0
19,77,0,2,57,47,3
19,77,1,2,85,84,1
30,89,1,1,99,62,2
30,89,1,1,84,90,0
30,89,1,1,74,70,1
9,93,0,0,50,52,3
9,93,1,0,98,85,0
9,93,1,0,75,42,3
9,93,1,0,54,48,3
9,93,0,0,53,72,1
9,93,1,0,96,56,2
9,93,1,0,94,88,0
16,100,1,1,87,59,2
16,100,1,2,87,59,2
26,92,1,1,88,68,2
26,92,1,1,53,76,1
26,92,1,1,93,74,1
26,92,1,2,88,68,2
26,92,1,2,53,76,1
26,92,1,2,93,74,1
6,90,1,1,99,67,2
6,90,1,1,77,94,0
16,84,1,0,99,65,2
16,84,1,0,54,75,1
16,84,1,1,99,65,2
16,84,1,1,54,75,1
14,61,1,1,59,92,0
14,61,1,1,54,81,1
14,61,0,1,86,96,0
14,61,1,1,74,78,1
14,61,1,0,59,92,0
14,61,1,0,54,81,1
14,61,0,0,86,96,0
14,61,1,0,74,78,1
28,63,0,0,70,51,3
28,63,0,0,88,71,1
28,63,0,0,68,58,2
8,82,1,1,60,96,0
8,66,1,1,67,64,2
14,73,0,1,94,90,0
14,73,1,1,91,72,1
14,73,1,1,81,72,1
20,100,1,1,55,70,1
20,100,1,1,50,99,0
20,100,1,1,60,55,2
20,100,1,2,55,70,1
20,100,1,2,50,99,0
20,100,1,2,60,55,2
12,68,1,2,51,75,1
12,68,0,2,89,64,2
11,100,1,1,58,52,3
11,100,0,1,84,85,0
11,100,1,2,58,52,3
11,100,0,2,84,85,0
12,61,1,1,94,96,0
12,61,0,1,66,53,3
30,82,1,0,96,77,1
30,82,0,0,62,61,2
30,82,1,1,96,77,1
30,82,0,1,62,61,2
13,91,1,1,85,96,0
13,91,0,1,81,70,1
13,91,1,0,85,96,0
13,91,0,0,81,70,1
16,91,0,0,75,56,2
16,91,0,1,75,56,2
22,97,1,0,78,100,0
22,97,0,0,79,88,0
22,97,1,0,78,96,0
22,97,1,0,54,91,0
22,97,1,0,76,52,3
22,97,0,0,95,92,0
22,97,1,2,78,100,0
22,97,0,2,79,88,0
22,97,1,2,78,96,0
22,97,1,2,54,91,0
22,97,1,2,76,52,3
22,97,0,2,95,92,0
9,97,1,0,74,45,3
7,90,0,0,82,81,1
22,60,1,1,95,86,0
30,100,0,1,51,78,1
30,100,0,1,57,90,0
30,100,0,0,51,78,1
30,100,0,0,57,90,0
30,70,1,2,72,96,0
30,70,0,2,56,46,3
30,70,1,2,80,50,3
30,70,0,2,91,95,0
30,70,1,2,75,82,1
30,70,1,2,61,76,1
31,85,1,0,61,92,0
31,85,1,0,72,72,1
10,73,0,2,77,68,2
10,73,0,0,77,68,2
25,66,0,1,84,56,2
25,66,1,1,76,98,0
25,66,0,2,84,56,2
25,66,1,2,76,98,0
6,98,1,1,57,66,2
6,98,0,1,96,69,2
6,98,1,1,58,78,1
18,92,0,0,76,92,0
12,66,1,0,50,78,1
12,66,1,0,70,42,3
12,66,1,1,50,78,1
12,66,1,1,70,42,3
33,74,1,1,53,94,0
31,94,1,0,99,62,2
32,66,1,2,84,74,1
32,66,0,2,64,47,3
23,93,0,2,62,59,2
23,93,0,2,72,51,3
23,93,0,2,62,94,0
23,93,0,2,61,75,1
23,93,0,2,96,81,1
23,93,0,1,62,59,2
23,93,0,1,72,51,3
23,93,0,1,62,94,0
23,93,0,1,61,75,1
23,93,0,1,96,81,1
28,62,1,1,87,64,2
28,62,0,1,64,46,3
28,62,0,1,72,95,0
28,62,1,1,53,62,2
28,62,0,1,90,86,0
28,62,1,1,100,72,1
30,76,1,1,62,58,2
39,75,1,2,77,58,2
39,75,1,2,69,94,0
39,75,1,2,97,83,1
8,90,0,2,72,70,1
8,90,1,2,62,71,1
8,90,0,2,65,67,2
8,90,0,2,95,91,0
8,90,1,2,96,52,3
32,81,1,2,61,100,0
32,81,0,2,65,93,0
32,81,1,2,65,83,1
8,78,1,1,54,50,3
8,78,1,1,72,92,0
20,87,1,1,55,99,0
20,87,0,1,78,97,0
20,87,1,0,55,99,0
20,87,0,0,78,97,0
24,74,1,2,71,78,1
24,74,1,0,71,78,1
20,100,0,1,97,59,2
20,100,0,1,52,75,1
9,69,0,1,59,41,3
9,69,0,1,50,44,3
30,91,1,0,58,82,1
30,91,1,0,73,79,1
30,91,1,0,89,79,1
30,91,1,1,58,82,1
30,91,1,1,73,79,1
30,91,1,1,89,79,1
10,95,1,2,51,70,1
26,70,1,0,100,71,1
26,70,1,0,69,76,1
26,70,0,0,53,41,3
26,70,0,0,72,67,2
26,70,1,1,100,71,1
26,70,1,1,69,76,1
26,70,0,1,53,41,3
26,70,0,1,72,67,2
37,73,0,1,90,68,2
26,88,0,1,65,58,2
26,88,1,1,72,45,3
26,88,0,2,65,58,2
26,88,1,2,72,45,3
14,72,0,1,61,77,1
14,72,1,1,60,77,1
11,100,1,0,53,91,0
11,100,1,0,52,40,3
11,100,0,0,68,83,1
8,65,0,1,51,63,2
8,65,0,1,71,70,1
16,87,0,2,62,78,1
16,87,1,2,90,52,3
16,87,0,1,62,78,1
16,87,1,1,90,52,3
27,71,0,1,50,58,2
27,71,1,1,80,86,0
11,86,1,1,69,43,3
14,95,0,1,99,55,2
14,95,0,1,52,69,2
15,79,1,1,62,82,1
15,79,1,1,73,58,2
15,79,1,1,83,73,1
15,79,0,1,74,46,3
31,99,0,2,79,49,3
31,99,1,2,64,63,2
30,84,1,1,55,63,2
30,84,0,1,94,97,0
30,84,0,1,66,75,1
30,84,1,0,55,63,2
30,84,0,0,94,97,0
30,84,0,0,66,75,1
11,66,0,1,96,58,2
11,66,1,1,61,85,0
11,66,1,1,70,54,3
17,70,1,1,85,54,3
17,70,1,1,74,73,1
17,70,0,1,95,89,0
17,70,1,1,97,82,1
31,83,0,1,53,100,0
16,65,0,2,62,63,2
34,61,0,0,76,57,2
34,61,1,0,70,86,0
34,61,1,0,64,62,2
34,61,1,0,51,48,3
28,90,0,1,59,43,3
28,90,1,1,67,72,1
28,90,0,1,78,96,0
5,93,0,1,60,69,2
5,93,1,1,66,47,3
6,69,1,1,79,89,0
6,69,1,1,85,84,1
11,91,1,1,84,86,0
11,91,0,1,87,84,1
13,82,1,1,68,96,0
13,82,0,1,59,55,2
13,82,0,1,93,96,0
13,82,1,1,64,84,1
13,82,0,1,73,42,3
13,82,1,1,66,52,3
9,96,1,0,74,74,1
9,96,0,0,92,99,0
25,61,1,0,58,60,2
25,61,1,2,58,60,2
25,61,1,1,58,60,2
31,63,1,1,97,99,0
31,63,0,1,91,97,0
9,80,0,1,69,100,0
33,92,1,0,57,93,0
33,92,0,0,98,79,1
33,92,0,0,57,60,2
33,92,0,0,60,58,2
33,92,0,0,86,63,2
8,60,0,2,68,90,0
8,60,1,2,96,52,3
8,78,0,0,97,62,2
8,78,1,0,88,50,3
33,63,1,1,70,79,1
14,86,1,1,60,84,1
14,86,0,1,54,53,3
12,89,0,0,70,53,3
12,89,0,0,86,87,0
10,70,0,1,54,73,1
10,70,0,1,97,64,2
10,70,0,1,90,70,1
10,70,1,1,95,58,2
26,95,0,1,79,95,0
26,95,0,1,87,94,0
26,95,0,1,82,80,1
26,65,0,0,83,62,2
26,65,1,0,74,97,0
26,65,1,0,66,65,2
26,65,0,0,93,52,3
26,65,0,1,83,62,2
26,65,1,1,74,97,0
26,65,1,1,66,65,2
26,65,0,1,93,52,3
8,83,0,0,54,56,2
26,69,0,1,91,64,2
26,69,1,1,84,69,2
26,69,1,1,77,74,1
26,69,0,0,91,64,2
26,69,1,0,84,69,2
26,69,1,0,77,74,1
32,85,1,0,100,55,2
32,85,0,0,76,72,1
11,84,1,2,73,52,3
11,84,1,2,81,59,2
11,84,1,2,80,88,0
8,87,0,0,64,76,1
8,87,1,0,82,74,1
8,87,0,0,60,94,0
8,87,0,0,99,57,2
21,73,1,1,58,76,1
21,73,0,1,63,88,0
21,73,1,1,90,57,2
21,73,1,1,53,99,0
21,73,1,1,95,85,0
21,73,0,1,86,76,1
10,66,0,1,73,49,3
10,66,0,1,60,54,3
10,66,0,1,96,66,2
10,66,1,1,56,85,0
10,66,0,0,73,49,3
10,66,0,0,60,54,3
10,66,0,0,96,66,2
10,66,1,0,56,85,0
6,85,0,2,61,63,2
6,85,1,2,86,93,0
6,85,0,2,59,90,0
6,85,1,2,74,61,2
17,70,0,0,60,84,1
17,70,1,0,78,73,1
17,70,1,0,70,89,0
14,99,0,2,65,95,0
14,99,1,2,50,99,0
14,99,0,2,73,41,3
14,99,0,2,88,60,2
15,92,1,1,86,88,0
15,92,1,1,68,44,3
15,92,1,0,86,88,0
15,92,1,0,68,44,3
5,62,1,0,53,43,3
9,66,1,0,94,62,2
8,72,0,2,63,43,3
8,72,0,2,78,67,2
13,68,0,1,67,73,1
13,68,1,1,92,48,3
13,68,1,1,86,47,3
13,68,1,1,91,84,1
13,68,1,1,98,43,3
13,68,1,1,55,40,3
13,68,0,1,66,92,0
13,68,0,1,87,82,1
25,81,0,0,72,40,3
25,81,0,0,60,66,2
25,81,0,2,72,40,3
25,81,0,2,60,66,2
12,83,0,1,72,73,1
12,83,0,1,57,49,3
13,89,1,0,75,68,2
13,89,0,0,97,88,0
13,89,1,1,75,68,2
13,89,0,1,97,88,0
7,98,0,1,58,41,3
7,98,0,1,80,92,0
7,98,1,1,63,97,0
10,67,0,1,95,78,1
10,67,1,1,73,54,3
10,67,0,1,61,62,2
10,67,0,1,67,60,2
10,67,1,1,99,68,2
28,71,1,1,88,92,0
28,71,0,1,89,95,0
28,71,1,1,79,93,0
17,95,1,2,67,79,1
17,95,0,2,88,87,0
17,95,1,2,99,83,1
17,95,1,2,96,99,0
14,97,0,1,97,79,1
7,97,1,1,79,87,0
7,97,1,1,100,41,3
28,60,1,0,74,79,1
28,60,0,0,57,73,1
28,60,0,0,92,98,0
28,61,1,0,63,56,2
15,62,1,2,88,50,3
15,62,0,2,79,57,2
8,61,0,1,67,47,3
29,98,0,0,68,74,1
18,88,0,0,78,56,2
18,88,1,0,68,56,2
18,88,0,0,50,93,0
18,88,1,0,70,70,1
18,88,0,2,78,56,2
18,88,1,2,68,56,2
18,88,0,2,50,93,0
18,88,1,2,70,70,1
18,88,0,1,78,56,2
18,88,1,1,68,56,2
18,88,0,1,50,93,0
18,88,1,1,70,70,1
11,83,1,2,66,90,0
11,83,1,0,66,90,0
8,67,0,0,68,48,3
8,67,0,0,76,60,2
8,67,0,1,68,48,3
8,67,0,1,76,60,2
24,86,1,2,63,99,0
24,86,0,2,57,42,3
24,86,1,2,76,82,1
24,86,1,2,62,100,0
24,86,1,1,63,99,0
24,86,0,1,57,42,3
24,86,1,1,76,82,1
24,86,1,1,62,100,0
10,72,0,1,83,55,2
28,99,1,1,98,99,0
28,99,1,1,89,54,3
28,99,1,1,57,42,3
11,74,0,0,73,67,2
11,74,0,0,57,48,3
11,74,0,0,67,76,1
28,67,1,0,85,85,0
28,67,1,0,62,56,2
28,67,1,0,53,82,1
28,67,1,2,85,85,0
28,67,1,2,62,56,2
28,67,1,2,53,82,1
28,67,1,1,85,85,0
28,67,1,1,62,56,2
28,67,1,1,53,82,1
34,75,1,1,58,52,3
13,60,1,1,63,70,1
13,60,1,1,87,57,2
13,60,1,1,97,90,0
25,66,1,0,62,72,1
25,66,1,0,78,54,3
25,66,0,0,61,83,1
25,66,1,1,62,72,1
25,66,1,1,78,54,3
25,66,0,1,61,83,1
6,73,1,0,91,55,2
6,73,1,0,55,87,0
37,69,1,1,82,95,0
7,72,0,1,79,76,1
7,72,1,1,76,82,1
8,97,1,2,75,47,3
8,97,0,2,62,66,2
8,97,0,2,56,48,3
8,98,1,1,86,74,1
8,98,0,1,74,97,0
34,87,0,2,78,95,0
34,87,1,2,92,66,2
10,71,1,1,52,78,1
38,90,1,0,68,70,1
13,76,0,2,97,70,1
13,76,1,2,75,73,1
13,76,0,2,82,63,2
18,60,1,0,56,76,1
18,60,0,0,86,83,1
18,60,1,0,86,90,0
12,85,0,1,67,58,2
12,85,1,1,80,99,0
12,85,1,1,74,40,3
12,85,0,2,67,58,2
12,85,1,2,80,99,0
12,85,1,2,74,40,3
12,85,0,0,67,58,2
12,85,1,0,80,99,0
12,85,1,0,74,40,3
26,82,1,1,53,56,2
26,82,1,1,86,52,3
26,82,1,0,53,56,2
26,82,1,0,86,52,3
22,78,1,2,80,83,1
22,78,1,2,100,51,3
7,74,1,0,51,93,0
7,74,1,0,89,68,2
29,72,1,0,66,55,2
11,73,1,2,77,59,2
11,73,0,2,85,95,0
7,79,1,1,55,68,2
7,79,0,1,64,87,0
30,83,0,1,90,71,1
30,83,0,1,85,77,1
30,83,1,1,56,91,0
30,83,1,1,54,88,0
34,91,0,1,90,45,3
34,91,1,1,67,85,0
7,63,1,1,58,80,1
7,63,1,1,59,47,3
7,63,1,1,74,71,1
7,63,1,1,78,51,3
7,86,1,1,60,45,3
7,86,0,1,62,92,0
34,97,1,1,60,83,1
34,97,1,1,63,72,1
34,97,0,1,61,62,2
34,97,1,1,71,46,3
13,97,1,1,98,85,0
13,97,0,1,60,78,1
34,92,1,0,81,80,1
34,92,1,0,92,68,2
18,90,1,2,93,100,0
18,90,0,2,54,90,0
18,90,0,2,76,76,1
18,90,1,1,93,100,0
18,90,0,1,54,90,0
18,90,0,1,76,76,1
18,90,1,0,93,100,0
18,90,0,0,54,90,0
18,90,0,0,76,76,1
11,90,1,0,63,49,3
9,88,0,0,99,45,3
18,100,1,0,62,65,2
18,100,1,0,66,94,0
35,86,0,1,100,89,0
34,79,1,0,52,55,2
34,79,1,0,96,94,0
34,79,0,0,57,86,0
34,79,1,0,76,67,2
8,82,1,1,72,41,3
8,82,1,1,75,71,1
8,82,1,1,66,100,0
31,77,1,1,81,87,0
8,91,0,1,85,93,0
8,91,0,1,96,87,0
8,91,1,1,50,73,1
8,91,1,1,57,53,3
14,99,1,0,88,71,1
14,99,1,0,88,94,0
14,99,0,0,95,72,1
14,99,1,1,88,71,1
14,99,1,1,88,94,0
14,99,0,1,95,72,1
9,72,1,1,86,100,0
15,60,1,0,86,54,3
15,60,0,0,81,82,1
15,60,0,0,84,99,0
15,60,1,0,66,88,0
34,78,1,1,60,89,0
34,78,1,1,63,73,1
31,82,0,1,60,70,1
31,82,0,1,54,66,2
38,80,1,1,51,93,0
38,80,1,1,93,83,1
38,80,1,1,85,94,0
38,80,1,1,68,93,0
31,79,1,1,59,75,1
31,79,0,1,51,45,3
25,100,1,0,81,91,0
25,100,0,0,72,45,3
11,78,0,1,56,91,0
11,78,1,1,80,92,0
11,78,0,1,100,87,0
11,78,1,1,65,40,3
11,78,1,1,59,82,1
11,78,1,1,71,49,3
11,78,0,1,66,75,1
11,78,0,0,56,91,0
11,78,1,0,80,92,0
11,78,0,0,100,87,0
11,78,1,0,65,40,3
11,78,1,0,59,82,1
11,78,1,0,71,49,3
11,78,0,0,66,75,1
15,70,0,2,94,40,3
15,70,0,2,70,68,2
15,70,1,2,72,81,1
15,70,1,2,75,57,2
15,70,0,0,94,40,3
15,70,0,0,70,68,2
15,70,1,0,72,81,1
15,70,1,0,75,57,2
27,84,1,0,54,73,1
36,70,1,1,56,84,1
12,71,0,0,90,98,0
12,71,1,0,66,61,2
12,71,0,2,90,98,0
12,71,1,2,66,61,2
28,96,1,2,69,68,2
28,96,1,2,72,40,3
28,96,1,2,87,56,2
25,68,1,0,98,47,3
10,98,1,0,90,52,3
10,98,1,0,91,46,3
7,93,0,2,98,57,2
7,93,0,2,94,73,1
10,100,1,0,98,85,0
9,89,1,2,84,87,0
9,89,1,2,72,48,3
13,62,0,1,85,90,0
13,62,0,1,54,75,1
13,62,0,1,86,66,2
13,62,0,1,55,77,1
13,62,0,2,85,90,0
13,62,0,2,54,75,1
13,62,0,2,86,66,2
13,62,0,2,55,77,1
35,63,0,0,92,74,1
35,63,0,0,68,55,2
30,92,0,1,58,61,2
7,88,1,1,64,85,0
7,88,0,1,65,64,2
9,90,1,1,95,73,1
9,90,1,1,70,82,1
9,90,1,0,95,73,1
9,90,1,0,70,82,1
25,79,1,1,88,92,0
25,79,1,1,89,45,3
25,79,1,0,88,92,0
25,79,1,0,89,45,3
30,71,0,0,96,45,3
13,66,0,0,95,44,3
13,66,1,0,93,57,2
28,65,1,2,97,94,0
24,83,1,1,76,73,1
24,83,1,1,51,100,0
24,83,1,2,76,73,1
24,83,1,2,51,100,0
32,91,0,1,81,45,3
6,76,0,1,81,94,0
26,79,1,2,73,65,2
26,79,0,2,93,89,0
26,79,0,2,82,89,0
26,79,0,2,83,93,0
26,79,0,2,60,74,1
32,64,1,0,58,41,3
32,64,1,0,95,41,3
32,64,1,0,65,99,0
32,64,0,0,50,54,3
12,97,1,1,64,42,3
7,68,0,1,99,80,1
7,68,1,1,90,83,1
24,85,1,1,62,53,3
24,85,0,1,99,62,2
24,85,0,1,77,48,3
11,75,1,1,78,92,0
35,67,1,0,58,66,2
12,90,1,0,59,53,3
12,90,0,0,61,98,0
12,90,0,0,58,96,0
12,90,0,0,92,54,3
12,90,1,0,52,86,0
12,90,1,0,67,67,2
12,90,0,0,50,43,3
12,90,0,0,95,43,3
27,60,1,2,59,63,2
27,60,1,2,86,98,0
27,60,1,0,59,63,2
27,60,1,0,86,98,0
10,75,1,1,82,88,0
10,75,1,1,67,100,0
5,97,1,1,84,46,3
10,91,1,1,89,71,1
29,81,0,1,81,79,1
29,81,0,1,68,59,2
28,96,0,2,90,82,1
35,91,0,0,100,62,2
35,91,0,0,67,51,3
35,91,1,0,72,40,3
35,91,1,0,56,94,0
35,91,1,0,62,94,0
35,91,1,0,77,45,3
7,89,1,1,80,83,1
7,89,1,1,55,49,3
9,88,0,1,50,99,0
32,83,1,1,98,55,2
32,83,0,1,60,97,0
32,83,0,1,57,80,1
32,83,1,1,86,62,2
5,73,1,2,54,79,1
5,73,1,2,73,96,0
5,73,1,2,94,60,2
39,78,1,1,79,40,3
39,78,1,1,64,100,0
16,85,0,0,99,68,2
16,85,0,0,94,80,1
6,66,1,0,95,71,1
6,66,1,0,54,41,3
6,66,1,0,64,66,2
36,89,1,0,79,63,2
36,89,0,0,69,79,1
5,93,1,1,63,61,2
5,93,0,1,59,74,1
5,93,1,1,62,56,2
5,93,1,1,87,81,1
10,65,1,1,71,95,0
10,65,0,1,73,57,2
13,78,1,2,61,54,3
9,81,0,1,95,83,1
9,81,1,1,77,75,1
9,81,0,1,100,65,2
29,60,1,1,77,43,3
29,60,0,1,50,90,0
29,60,1,1,64,90,0
11,68,1,1,69,98,0
11,68,1,2,69,98,0
38,98,1,1,74,86,0
38,98,0,1,75,56,2
38,98,0,1,51,80,1
38,98,1,1,86,77,1
9,93,1,1,84,72,1
6,80,0,0,100,78,1
6,80,1,0,80,66,2
30,68,1,2,84,42,3
6,92,1,1,67,44,3
6,92,1,1,70,79,1
6,92,0,1,64,43,3
5,61,0,2,71,44,3
5,61,0,2,55,90,0
5,61,1,2,52,60,2
9,67,0,1,86,82,1
9,67,0,1,54,77,1
9,67,1,1,62,52,3
6,83,0,1,77,55,2
6,83,1,1,92,95,0
6,83,1,1,84,100,0
30,99,0,1,88,62,2
30,99,0,1,88,44,3
30,99,1,1,56,93,0
27,76,0,1,90,94,0
27,76,0,1,63,77,1
33,66,0,1,91,80,1
33,66,1,1,95,55,2
33,66,1,1,68,90,0
33,66,1,1,80,55,2
27,100,1,0,78,86,0
27,100,1,0,61,67,2
33,78,0,1,60,94,0
33,78,0,1,95,77,1
33,78,0,1,67,98,0
7,94,1,2,67,93,0
7,94,1,2,70,52,3
32,90,1,2,53,41,3
30,97,1,2,79,47,3
30,97,1,2,68,99,0
30,97,0,2,78,80,1
30,97,0,2,78,47,3
30,97,1,2,56,79,1
15,94,0,0,66,45,3
15,94,1,0,94,79,1
27,93,0,0,81,76,1
13,72,1,0,89,91,0
13,72,0,0,70,54,3
33,61,1,1,75,40,3
12,86,1,0,58,92,0
12,86,0,0,77,60,2
12,86,1,0,69,92,0
36,82,0,1,54,95,0
36,82,1,1,71,78,1
36,82,0,1,63,74,1
34,99,0,1,68,63,2
22,100,1,1,57,85,0
27,80,1,0,71,81,1
27,80,0,0,58,40,3
29,79,0,1,69,82,1
29,79,0,1,88,55,2
29,79,1,1,90,52,3
11,77,0,0,87,48,3
11,77,1,0,81,52,3
11,77,0,0,62,50,3
11,77,0,0,84,52,3
31,95,1,1,98,45,3
15,80,0,0,96,71,1
15,80,1,0,50,67,2
15,80,1,0,53,42,3
15,80,1,0,80,78,1
15,80,0,1,96,71,1
15,80,1,1,50,67,2
15,80,1,1,53,42,3
15,80,1,1,80,78,1
17,74,1,0,95,79,1
17,74,1,0,73,77,1
17,74,1,0,74,59,2
17,74,1,1,95,79,1
17,74,1,1,73,77,1
17,74,1,1,74,59,2
11,95,1,1,50,83,1
11,95,1,1,91,55,2
11,95,1,0,50,83,1
11,95,1,0,91,55,2
31,73,1,2,65,62,2
12,93,0,1,50,45,3
12,93,0,1,77,99,0
12,93,1,1,95,77,1
12,93,0,1,55,89,0
32,94,1,2,82,67,2
32,94,1,2,97,45,3
34,93,0,2,82,43,3
29,93,0,1,60,83,1
29,93,0,1,53,56,2
29,93,1,1,55,89,0
29,93,1,1,59,71,1
10,94,1,1,96,75,1
10,94,1,1,78,52,3
10,94,1,1,85,68,2
20,91,1,2,85,85,0
28,88,1,1,76,56,2
5,96,1,0,86,61,2
5,96,1,0,66,79,1
5,96,1,0,76,97,0
5,96,0,0,92,78,1
5,96,0,0,80,82,1
28,68,1,1,94,75,1
28,68,1,1,89,94,0
28,68,1,1,68,46,3
28,68,0,1,50,54,3
10,88,1,1,58,65,2
10,88,1,1,66,90,0
36,90,1,0,54,78,1
7,73,1,1,74,44,3
34,82,1,2,68,59,2
28,85,1,1,91,66,2
28,85,1,1,54,71,1
37,96,1,1,61,46,3
37,96,0,1,76,55,2
37,96,1,1,97,40,3
8,65,0,0,68,46,3
8,65,1,0,89,77,1
8,65,1,0,53,54,3
8,65,1,0,76,50,3
8,64,1,1,91,50,3
8,64,1,1,53,57,2
8,64,0,1,68,73,1
6,84,1,1,55,80,1
32,94,1,1,52,42,3
32,94,0,1,65,94,0
32,94,0,1,84,95,0
28,90,1,1,71,81,1
28,90,0,1,58,94,0
8,96,1,2,84,51,3
8,96,1,2,63,96,0
8,96,0,2,60,85,0
28,93,1,2,84,99,0
28,93,0,2,54,63,2
29,75,1,0,69,72,1
29,75,1,0,93,45,3
9,78,1,0,85,88,0
6,67,1,0,93,70,1
6,67,0,0,77,62,2
13,75,1,1,65,70,1
13,75,1,1,100,44,3
6,88,1,1,96,54,3
26,87,1,0,53,48,3
35,84,0,2,93,83,1
29,65,1,1,68,83,1
29,65,0,1,60,47,3
12,91,1,0,59,85,0
33,95,1,0,70,65,2
33,95,0,0,52,99,0
33,95,1,0,99,41,3
33,95,0,0,77,47,3
33,95,1,0,77,90,0
30,62,1,1,67,40,3
30,62,1,1,100,71,1
30,62,1,1,72,55,2
22,90,1,1,80,56,2
22,90,0,1,50,62,2
10,86,1,2,66,77,1
